Page Name,User Name,Facebook Id,Page Category,Page Admin Top Country,Page Description,Page Created,Likes at Posting,Followers at Posting,Post Created,Post Created Date,Post Created Time,Type,Total Interactions,Likes,Comments,Shares,Love,Wow,Haha,Sad,Angry,Care,Video Share Status,Is Video Owner?,Post Views,Total Views,Total Views For All Crossposts,Video Length,URL,Message,Link,Final Link,Image Text,Link Text,Description,Sponsor Id,Sponsor Name,Sponsor Category,Overperforming Score (weighted  —  Likes 1x Shares 1x Comments 1x Love 1x Wow 1x Haha 1x Sad 1x Angry 1x Care 1x )
侯友宜,houyuih,100044642490075,POLITICIAN,TW,"站在第一線，打造安居樂業新北市。

此粉絲專頁由侯市長與小編共同經營",2016-05-26 07:40:26,578248,616956,2022-08-17 18:30:07 CST,2022-08-17,18:30:07,Photo,"25,954",23606,1631,186,112,6,19,4,56,334,,-,0,0,0,N/A,https://www.facebook.com/100044642490075/posts/626460698852008,「侯侯做代誌」、為人民拚一個好日子！ 今天獲得國民黨提名，力拚新北市長連任，我們團結在一起面對這場為人民而拚的戰役！我永遠念茲在茲，為國家、為人民努力做事，腳踏實地，做好自己的工作和角色，力拚讓所有市民安居樂業！ 台灣要找回當年純樸善良團結，讓生活共好！新北市是北台灣地區、千萬人口的中心，我常這麼說新北好、千萬人好、北台灣好、台灣就會共好！我們一肩扛起北台灣中心城市的重責大任，以做大市、做大事的精神，繼續朝著為新北市擘劃的2030願景而努力。 新北市的蛻變是現在進行式，我們將持續推升未來10年的願景，從新北市南端的十四張、秀朗北側、中和灰磘、土城彈藥庫，板橋浮洲到五股擴大都市計畫、塭仔圳的市地重劃以及蘆南蘆北的大發展，建構起北台灣的中心點。新北市大幅度的蛻變成長，要帶動北台灣崛起。加上板橋新板特區、新莊副都心與三重第二行政中心的「3個軸心」，推動整體開發，晉升國際大都市現正實現中。 為了建構國際大城市的地位，軌道建設尤為重要，我們的腳步更是不曾停歇，三環六線在2030年能夠完成139公里、121座車站，讓每十萬人擁有3座車站，跟東京、首爾齊名，更超越新加坡，在捷運系統以及都市規劃的基礎之上，讓新北市建構6大產業布局，從南端的中和、汐止到北端的淡海新市鎮以及八里跟林口，努力達成我們擘劃的2030願景藍圖。 從事公職42年以來，為人民打拚，少說多做，是我不變的行事準則。 「侯侯」做代誌 ，讓民眾過好生活，市民關心的每件大小事，都是我最在乎的事！新北市未來的發展，更是我的責任，莫忘初衷，我會繼續和民眾站在一起，大家逗陣來打拚！,https://www.facebook.com/photo.php?fbid=626460078852070&set=a.265757784922303&type=3,,,Photos from 侯友宜's post,,,,,2.72
侯友宜,houyuih,100044642490075,POLITICIAN,TW,"站在第一線，打造安居樂業新北市。

此粉絲專頁由侯市長與小編共同經營",2016-05-26 07:40:26,578364,617064,2022-08-18 15:01:05 CST,2022-08-18,15:01:05,Photo,"7,391",6714,509,60,40,1,2,0,20,45,,-,0,0,0,N/A,https://www.facebook.com/100044642490075/posts/627014818796596,你們實在太棒了！恭喜中華隊奪下「美國小馬聯盟小馬級世界青少棒錦標賽」冠軍！ 每一位球員都是新北市的選手，在球場上充分展現實力及拚勁，燃燒棒球魂，在冠軍戰對決墨西哥蒙特雷隊，有效壓制對手打擊，最終以4：1迎得勝利！ 同仁跟我說這次比賽，原先擔任左外野手的球員李承諺，在比賽尾端擔任最強終結者，主投2.2局，投出7次三振，守住勝利，不只李同學，球隊的每位小將們都展現絕佳的實力，場邊加油的球迷也興奮地揮舞著中華民國國旗，請大家一起為他們大聲喝采。 新北市長期培育體育人才，更致力推廣棒球運動，今年共計33校辦理暑期育樂營、65校申請棒球社團補助、成立38校39隊棒球代表隊，並辦理新北U12、U15、U18全國及國際特色盃賽，整合本市43座棒壘球協助學校訓練場地資源，持續推廣棒球運動。 專注、速度與力量，就是棒球最迷人的魅力，我小時候也打棒球，光是「團隊、紀律、榮譽」這三件事，就讓我受用至今，市長想跟你們說，你們每一位都是新北之光、台灣之光！繼續燃燒你們的棒球魂，勇敢朝夢想前進！ 照片來源： 二重國中棒球隊,https://www.facebook.com/photo.php?fbid=627010965463648&set=a.265757781588970&type=3,,,Photos from 侯友宜's post,,,,,-1.29
侯友宜,houyuih,100044642490075,POLITICIAN,TW,"站在第一線，打造安居樂業新北市。

此粉絲專頁由侯市長與小編共同經營",2016-05-26 07:40:26,578419,617110,2022-08-19 16:30:28 CST,2022-08-19,16:30:28,Photo,"4,443",3844,482,38,11,0,6,1,36,25,,-,0,0,0,N/A,https://www.facebook.com/100044642490075/posts/627699572061454,鏡頭，不只記錄下世界的美好，也見證了歷史。 今天是819世界攝影日，令人感動的影像勝過千言萬語，影像傳達的溫度和意義，往往能帶領觀眾，以不同的視角穿越世界的每一個角落。 今年也適逢攝影界最高榮譽-普立茲新聞攝影獎80週年，跨越時空，攝影記者將世界各國的重要事件，以鏡頭一一記錄下來，成為最珍貴的史料。 從早期的底片相機，到後來動態影像攝錄， 乃至於現今的數位時代，每個按下快門的瞬間，都是一個時代的故事。致每一位用鏡頭寫歷史的攝影工作者，因為有您們見證時代的演變，讓後人得以知古鑑今。,https://www.facebook.com/photo.php?fbid=627699528728125&set=a.265757784922303&type=3,,,,,,,,-2.15
侯友宜,houyuih,100044642490075,POLITICIAN,TW,"站在第一線，打造安居樂業新北市。

此粉絲專頁由侯市長與小編共同經營",2016-05-26 07:40:26,578443,617115,2022-08-20 11:50:05 CST,2022-08-20,11:50:05,Photo,"39,684",34548,3703,832,128,23,118,6,97,229,,-,0,0,0,N/A,https://www.facebook.com/100044642490075/posts/628330851998326,不論什麼觀點，每一個人說話的權利， 我們都應該要全力捍衛！ 你知道如果NCC力推的 #數位中介服務法 過關，我們的國家會變成怎麼樣的一個國家嗎？ 這部法案一旦通過，等於宣告你我每天習以為常在各大網路平台的發言，包括臉書、LINE、PTT、巴哈姆特、Dcard，只要被行政部門認定為不當言論，就會直接被各個主管機關加註警語，不需要等待法院裁定。且這些平台都會被政府要求控管，祭出刪文甚至停權的手段，若不按照政府要求控管或是管理不當，最高可能會被處以罰鍰至千萬元，這樣一來平台將出現寒蟬效應，代表著未來只要和政府行政部門有不同的聲音，就無法在這些平台上發聲，無怪乎連PTT都發出怒吼：這等於「跟命令關站相去不遠」了！ 我們無法想像在PTT或是臉書上，也許連質疑政府施政成效都可能被刪文的台灣會是怎樣一個台灣？有網友說得好，「今天你悶不吭聲，明天就無法發聲！」維護社會治安本是政府應盡到的責任，千萬不可以此作為箝制人民言論自由的藉口，我們堅決反對推出傷害人民基本人權的惡法。 我要再度重申言論自由早已是中華民國憲法明文保障。在世界人權發展史中，言論自由更是最基本且重要的權利，民主國家，不論政權如何更替、法律如何修正，保障言論自由絕對是我們最該堅守的底線。,https://www.facebook.com/photo.php?fbid=628330828664995&set=a.265757781588970&type=3,,,,,,,,4.16
侯友宜,houyuih,100044642490075,POLITICIAN,TW,"站在第一線，打造安居樂業新北市。

此粉絲專頁由侯市長與小編共同經營",2016-05-26 07:40:26,578595,617251,2022-08-22 14:15:43 CST,2022-08-22,14:15:43,Photo,"2,258",1974,191,24,17,1,2,1,26,22,,-,0,0,0,N/A,https://www.facebook.com/100044642490075/posts/629661398531938,一起來饒舌一下，感受新北澎湃熱血的街頭文化。 喜歡饒舌音樂的朋友，應該都對MC耀宗不陌生，前兩天，2022「Just FUN新北」街頭文化節在府中及市民廣場熱鬧登場，結合饒舌、塗鴉、街藝、街舞4大元素，現場我也跟著年輕朋友一起體驗饒舌文化，比出嘻哈界PEACE及666手勢，加入了嘻哈界行列。 現在許多表現精湛的隊伍，跟著音樂節奏，展現身體律動，很開心能夠有這樣的表演空間讓年輕人釋放熱情。FREESTYLE 3 on 3及1 on 1組分別由青婷拌飯、ANIKISHIUAN奪下冠軍，現場對戰的精彩high到最高點；墨路行者塗鴉大賽則是由SENK32奪冠，團隊不畏酷暑，各自使出渾身解數，實在令我太敬佩了！ 新北挺街頭文化，目前累計協助超過2300多位街頭藝人完成登記，提供117處展演空間，超過250個展演點位，更進一步規劃打造9處FUN舞空間，推廣街舞課程，讓年輕朋友可以在這裡盡情發揮，更要讓街頭藝術持續傳承發揚！,https://www.facebook.com/photo.php?fbid=629661295198615&set=a.265757781588970&type=3,,,Photos from 侯友宜's post,,,,,-4.23
侯友宜,houyuih,100044642490075,POLITICIAN,TW,"站在第一線，打造安居樂業新北市。

此粉絲專頁由侯市長與小編共同經營",2016-05-26 07:40:26,578595,617251,2022-08-22 15:30:11 CST,2022-08-22,15:30:11,Photo,"27,394",19298,1343,269,219,62,6,5800,116,281,,-,0,0,0,N/A,https://www.facebook.com/100044642490075/posts/629686838529394,犯罪零容忍，我要嚴厲譴責襲警歹徒，犯罪者絕對一個都不能姑息！ 剛剛在車程中，看到手機網路新聞跳出「 台南市警局兩名警員追捕通緝犯過程遭歹徒持刀割喉殺害」的報導，令我深感震驚與難過。 報導指出兩位員警盡職查緝贓車追捕嫌犯，竟然遭到兇惡的歹徒攻擊不幸殉職。這起殺警案令人心痛萬分，我從警界基層出身，深深明白在執勤過程中，警察可能面臨到的種種危險與意外，每次出勤，生與死的距離之近， 外界難以想像，但警察弟兄依舊義無反顧。據了解警方已經成立專案小組全力追緝，犯下這起重大刑案的歹徒絕對無法逍遙法外 。 警察弟兄用生死捍衛社會治安，相信專案小組定會將歹徒儘速繩之以法， 以告慰兩位不畏危險只為保家衛民的殉職警察同仁。,https://www.facebook.com/photo.php?fbid=629685871862824&set=a.265757784922303&type=3,,,,,,,,2.87
侯友宜,houyuih,100044642490075,POLITICIAN,TW,"站在第一線，打造安居樂業新北市。

此粉絲專頁由侯市長與小編共同經營",2016-05-26 07:40:26,578747,617400,2022-08-24 12:38:33 CST,2022-08-24,12:38:33,Photo,"2,327",1942,266,52,10,1,2,1,27,26,,-,0,0,0,N/A,https://www.facebook.com/100044642490075/posts/630891301742281,正視全球氣候變遷，刻不容緩，只要是友善地球、友善環境的政策，我們一定要努力執行！ 淨零排放不只是全球趨勢，更是一直以來大家關注的焦點。目前已經有超過130個國家、240個城市宣布淨零排放目標。 新北市是全國第一個提出《新北市地方自願檢視報告》(VLR)，以SDGs跟國際接軌的城市，並且落實聯合國永續城市指標。 作為全國第一個加入脫煤者聯盟的城市，新北市2020年率先簽署氣候緊急宣言，2021年宣布「零碳翻轉、新北先行」，在2030年我們要將八里打造成為淨零碳示範區，三重第二行政中心也要達成碳中和，在都市更新、土地開發案等都要納入創能、儲能、節能設計，落實2050年淨零碳目標。 新北市已經連續十年獲得環保署頒發最乾淨城市的佳績，只要是友善環境的政策，我們就一定會落實。「新北市2050淨零路徑暨氣候行動白皮書」，代表新北市加入全球一流城市的行列，共同承擔2050淨零排放的責任，從能源轉型效率提升、智慧運輸、循環經濟、韌性調適四大面向，共計80項計畫，透過公私協力，共同合作，一步一腳印落實。 到任三年多以來，我不斷和團隊想方設法，希望讓節能減碳等環保觀念，內化成每一個人的日常習慣，讓新北市可以與其他城市不一樣。推動永續的過程，不能遺忘任何人，每個人發揮一己之力為永續努力，因為地球只有一個，從小地方做起，相信定能帶來巨大改變。,https://www.facebook.com/photo.php?fbid=630889061742505&set=a.265757784922303&type=3,,,,,,,,-4.1
侯友宜,houyuih,100044642490075,POLITICIAN,TW,"站在第一線，打造安居樂業新北市。

此粉絲專頁由侯市長與小編共同經營",2016-05-26 07:40:26,578747,617400,2022-08-24 15:39:20 CST,2022-08-24,15:39:20,Photo,"26,518",24396,1374,258,103,6,33,3,52,293,,-,0,0,0,N/A,https://www.facebook.com/100044642490075/posts/630966238401454,一生懸命，義無反顧。,https://www.facebook.com/photo.php?fbid=630966121734799&set=a.265757781588970&type=3,,,,,,,,2.78
侯友宜,houyuih,100044642490075,POLITICIAN,TW,"站在第一線，打造安居樂業新北市。

此粉絲專頁由侯市長與小編共同經營",2016-05-26 07:40:26,578779,617417,2022-08-25 11:30:07 CST,2022-08-25,11:30:07,Native Video,"4,893",4211,369,192,47,2,5,2,26,39,crosspost,Yes,25202,29545,47091,00:03:13,https://www.facebook.com/100044642490075/posts/631468981684513,有誰願意與黑水為鄰？ 又有誰願意接受當微風吹過時， 飄來的是陣陣惡臭？ 昔日人稱新北黑龍江的板橋湳仔溝及蘆洲鴨母港溝，民生與工廠廢水任意排放溝渠，水質髒污、水色混濁且惡臭沖天。原以三面光混凝土作為排洪功能且毫無生機的中和藤寮坑溝以及五泰大窠坑溪，過去的情況也不遑多讓 ，但這不該是她們應有的面貌。 她們的面貌該是當陽光普照時，波光粼粼，微風拂過時，枝葉扶疏，映入眼簾的是如鏡面的河川，生態多樣性與環境融合共存。 《改變的勇氣》二部曲，帶大家看到我們如何展現翻轉的決心，如何讓新北市一一告別又髒又臭的新北黑龍江，解決超過30年的都市沉痾。改變從來都不只是口號，而是身體力行，這個過程不容易，但我們終於成功翻轉！現在擁有清澈的親水環境、也找回了河川自然的生命力，蝴蝶翠鳥飛舞，穿梭其中，我家門前有小河，有美麗的溪流。 市府團隊一條心，展現出改變的勇氣 ，一一翻轉了新北河川的面貌，畫面會說話 ，讓我們一起看下去！ #改變的勇氣,https://www.facebook.com/houyuih/videos/611109860526919/,,,《改變的勇氣》二部曲,,,,,-1.36
侯友宜,houyuih,100044642490075,POLITICIAN,TW,"站在第一線，打造安居樂業新北市。

此粉絲專頁由侯市長與小編共同經營",2016-05-26 07:40:26,578779,617417,2022-08-25 16:48:56 CST,2022-08-25,16:48:56,Photo,"4,902",4261,480,42,38,14,3,2,26,36,,-,0,0,0,N/A,https://www.facebook.com/100044642490075/posts/631640701667341,雨勢滂沱，大雨來得又急又快。 因應強降雨，新北市災害應變中心強化三級開設，提醒市民朋友，降雨集中在新店、中和、永和、板橋地區，請市民朋友特別留意瞬間大雨，外出注意安全；山區請慎防溪水暴漲、坍方及落石；低窪地區慎防淹水。,https://www.facebook.com/photo.php?fbid=631640125000732&set=a.265757784922303&type=3,,,,,,,,-1.95
侯友宜,houyuih,100044642490075,POLITICIAN,TW,"站在第一線，打造安居樂業新北市。

此粉絲專頁由侯市長與小編共同經營",2016-05-26 07:40:26,578811,617437,2022-08-26 17:10:57 CST,2022-08-26,17:10:57,Photo,"8,392",7477,715,71,44,2,6,0,34,43,,-,0,0,0,N/A,https://www.facebook.com/100044642490075/posts/632295518268526,「友」「善」攜手，支持農友！ 說到中秋節的代表水果，非文旦柚莫屬，今天和許久未見的好朋友張麗善縣長一起行銷當季文旦柚，大力支持每一位農民的心血結晶。 張縣長說雲林的文旦柚種植在濁水溪沖積平原上層，吸收肥沃的養分和清澈的溪水，氣候溫和，種出來的文旦柚特別甜，果香濃郁；新北市的八里文旦柚也不遑多讓，每天享受火山岩的肥沃土壤及海風徐徐吹來的納離子，孕育出的文旦柚，甜酸比例剛剛好，而且今年陽光充足，更加香Q多汁，不論是雲林的文旦，還是新北的文旦，不只好吃，更帶有一份濃厚的情感。 每一顆水果的背後，都是農夫們辛勤奮鬥的成果，受疫情及國際情勢影響，加上今年白露與中秋節僅隔3天，農民是最大的犧牲者，「看天吃飯」道盡了每一位農民的無奈，新北市身為全台最大的農產品消費市場，我們一定會協助農民宣傳銷售，讓優質的台灣農產品不寂寞，讓我們找回那一份簡單的平安幸福。,https://www.facebook.com/photo.php?fbid=632295348268543&set=a.265757784922303&type=3,,,,,,,,-1.14
侯友宜,houyuih,100044642490075,POLITICIAN,TW,"站在第一線，打造安居樂業新北市。

此粉絲專頁由侯市長與小編共同經營",2016-05-26 07:40:26,578844,617467,2022-08-28 08:01:13 CST,2022-08-28,08:01:13,Photo,"6,007",5280,508,75,67,1,4,0,30,42,,-,0,0,0,N/A,https://www.facebook.com/100044642490075/posts/633401754824569,今天是祖父母節，記得為阿公阿嬤表達你對他們的愛。 還記得小時候，外婆常會帶著我們幾個孩子，一起拿起小墊板背九九乘法表，有的時候外婆也會對我們幾個小孫子講虎姑婆的故事嚇嚇我們，這些都是最美好的童年回憶。回想起過去這些點滴，深深體會有阿公阿嬤在身邊是件很幸福的事。 昨天我特別趁著祖父母節前夕，陪伴ㄧ群可親可愛的長輩們聊聊天。在新北多年，我都將對自己祖父母的思念與感情，放在身邊每一位可愛的長輩身上。 尤其台灣人口呈現高齡化趨勢，市府團隊積極推動銀髮俱樂部、日間照護中心、長照站等設施，除了努力實踐安居樂業、在地安老的理想，更要讓新北市成為一座長者幸福城市，讓長輩們生活快樂安心。 今天就是祖父母節，別忘了給長輩們，一個大大的擁抱，在外打拚的孩子，一句簡單的問候、一通關心的電話，對長輩來說都是一份溫暖，願全天下的阿公阿嬤健康平安、永保活力！,https://www.facebook.com/photo.php?fbid=633401704824574&set=a.265757781588970&type=3,,,,,,,,-1.59
侯友宜,houyuih,100044642490075,POLITICIAN,TW,"站在第一線，打造安居樂業新北市。

此粉絲專頁由侯市長與小編共同經營",2016-05-26 07:40:26,578889,617519,2022-08-28 13:31:43 CST,2022-08-28,13:31:43,Photo,"21,071",19527,1053,190,73,0,19,4,36,169,,-,0,0,0,N/A,https://www.facebook.com/100044642490075/posts/633569268141151,十全十美、實實在在，並肩作戰，為你拚好日子！ 今天我以及國民黨所有縣市ㄧ共22位參選人，一起站上全代會的舞台，我們心中都有一樣的目標，就是護台灣、保民主、拚未來，秉持 #侯侯做代誌 的精神，為國家、為人民努力做事，腳踏實地、一步一腳印。 讓人民過好生活，是我們的責任，年底是一場為人民而拚的戰役，團結在一起，揮出全壘打！每一個人都有自己的角色跟定位，新北市絕對義不容辭跟各縣市一起努力團結打拚，好好為台灣這塊土地，為所有民眾拚好日子，讓所有市民都能安居樂業。莫忘初衷，繼續做對的事，大家作伙拚！,https://www.facebook.com/photo.php?fbid=633569201474491&set=a.265757781588970&type=3,,,Photos from 侯友宜's post,,,,,2.21
侯友宜,houyuih,100044642490075,POLITICIAN,TW,"站在第一線，打造安居樂業新北市。

此粉絲專頁由侯市長與小編共同經營",2016-05-26 07:40:26,578917,617541,2022-08-29 11:18:20 CST,2022-08-29,11:18:20,Native Video,"6,870",5929,630,130,57,2,51,0,28,43,owned,Yes,22292,23698,0,00:00:39,https://www.facebook.com/100044642490075/posts/633649511466460,"各位朋友，新北舞起來！ 我新北，我榮耀！ New Taipei City🎶～ 讓我們ㄧ起大聲唱出新北隊歌、跳出屬於自己的「新北舞」！ READY , GO！",https://www.facebook.com/houyuih/videos/763532848202261/,,,New Taipei City🎶新北舞,,,,,1.03
侯友宜,houyuih,100044642490075,POLITICIAN,TW,"站在第一線，打造安居樂業新北市。

此粉絲專頁由侯市長與小編共同經營",2016-05-26 07:40:26,578917,617541,2022-08-30 07:01:10 CST,2022-08-30,07:01:10,Photo,"8,118",7451,471,61,37,1,20,3,36,38,,-,0,0,0,N/A,https://www.facebook.com/100044642490075/posts/634727448025333,📣大會報告！大會報告！開學囉！ 同學們今天不能再睡到自然醒喔！新學期、新氣象，早睡早起、元氣滿分！相信各位同學已經迫不及待回到學校和同學們碰面，馬上就可以和好久不見的老師、同學，聊聊你們暑假的生活。爸爸媽媽們則是終於可以稍稍放鬆一下了😅。 新的一年，市長和學校的老師們也會繼續努力防疫，讓孩子們有個安心上學的環境、擁有快樂學習的校園生活。,https://www.facebook.com/photo.php?fbid=634727334692011&set=a.265757781588970&type=3,,,,,,,,-1.18
侯友宜,houyuih,100044642490075,POLITICIAN,TW,"站在第一線，打造安居樂業新北市。

此粉絲專頁由侯市長與小編共同經營",2016-05-26 07:40:26,578967,617579,2022-08-31 20:00:48 CST,2022-08-31,20:00:48,Photo,"10,962",8058,650,71,92,30,0,46,19,1996,,-,0,0,0,N/A,https://www.facebook.com/100044642490075/posts/635827974581947,祈願執勤中被撞而住進加護病房的這位警察弟兄，能早日康復！ 昨天深夜，我們新莊福營派出所這位林姓弟兄前往處理車禍事故，站在路邊等待救護車時，卻遇上機車騎士和救護車擦撞事故，騎士被撞飛後，機車向前滑行波及到這位正在處理事故的警察弟兄，導致頭部受到重擊， 現在還在加護病房觀察中。 上午我趕往部立臺北醫院探視這位警察弟兄以及他的家人，聽聞他的傷勢嚴重，令我相當不捨。23歲的林姓弟兄，去年10月才剛到福營派出所服務，同事都說他是個認真、有責任感的好青年，祈盼醫療團隊全力醫治，也請各位市民朋友一起幫他加油打氣，祝願這位警察弟兄，平安脫離險境。,https://www.facebook.com/photo.php?fbid=635827937915284&set=a.265757781588970&type=3,,,,,,,,1.15
侯友宜,houyuih,100044642490075,POLITICIAN,TW,"站在第一線，打造安居樂業新北市。

此粉絲專頁由侯市長與小編共同經營",2016-05-26 07:40:26,578995,617600,2022-09-01 11:20:02 CST,2022-09-01,11:20:02,Native Video,"9,375",8496,445,214,55,7,58,0,45,55,owned,Yes,71246,72900,0,00:02:19,https://www.facebook.com/100044642490075/posts/636269304537814,抽絲剝繭、釐清脈絡、打破沙鍋問到底，這是記者的工作。不分晝夜、不分晴天雨天，在攝影機前或是在麥克風後，紀錄每一個重要的時刻，只要有新聞的地方，一定會看到他們身影，有人說記者就像偵探、像手電筒、像鯊魚，但今天麥克風兩端的位置暫時互換一下之後，得到的感想是～我覺得記者更像警察，衝鋒陷陣、為追逐真相赴湯蹈火在所不辭。記者和警察為了國家社會，都有同樣的使命感！ 謝謝您們衝鋒陷陣為社會正義發聲，9/1記者節快樂！ #前面的朋友請蹲下 #大家不要擠 #市長可以回應一下今天… #原來可以聽出我當下的心情,https://www.facebook.com/houyuih/videos/338165901785652/,,,謝謝您們衝鋒陷陣為社會正義發聲，9/1記者節快樂！,,,,,1.41
侯友宜,houyuih,100044642490075,POLITICIAN,TW,"站在第一線，打造安居樂業新北市。

此粉絲專頁由侯市長與小編共同經營",2016-05-26 07:40:26,578995,617600,2022-09-01 18:02:38 CST,2022-09-01,18:02:38,Photo,"12,014",10903,749,96,52,0,5,1,37,171,,-,0,0,0,N/A,https://www.facebook.com/100044642490075/posts/636428324521912,新北 #侯侯做代誌，為市民拚好日子！ 今天上午我已經完成參選登記，「做人真誠，做事實在，為人民打拚，少說多做」是我一直以來不變的行事準則。新北市是北台灣地區、千萬人口的中心，新北好、千萬人好、北台灣好、台灣就會共好！我們會一肩扛起北台灣中心城市的重責大任，讓新北市做大市，更要做大事！ 今天由兩位年輕的選辦政治實習生陪我一起前往登記，我很早就舉雙手贊成18歲公民權，傾聽年輕人的聲音，最重要的是將年輕人的聲音聽進去並且進一步落實，讓18歲公民權形成社會多數共識，這是世界潮流、民主價值的展現，我會與年輕人一起並肩作戰，面對未來，創造新北市民的好日子，好好做事一起拚，台灣最需要的是正氣，絕不是詆毀惡鬥。,https://www.facebook.com/photo.php?fbid=636428274521917&set=a.265757784922303&type=3,,,Photos from 侯友宜's post,,,,,1.26
侯友宜,houyuih,100044642490075,POLITICIAN,TW,"站在第一線，打造安居樂業新北市。

此粉絲專頁由侯市長與小編共同經營",2016-05-26 07:40:26,579085,617676,2022-09-02 12:40:45 CST,2022-09-02,12:40:45,Photo,"4,511",3938,418,65,33,1,2,1,21,32,,-,0,0,0,N/A,https://www.facebook.com/100044642490075/posts/636973957800682,🌀更新時間9/2 20:35🌀 ⚠️新北市依中央氣象局天氣預報，並經北北基共識，宣布明（3）日「未達」停班課標準。 惟因軒嵐諾颱風持續北上，暴風圈可能擴大，很有可能登陸或擦邊新北市東北四區，預估風雨較其他區更為顯著，新北市政府針對這四區（瑞芳、平溪、雙溪及貢寮）實施預警性停班停課。(#小編) ——————————————————————— 軒嵐諾颱風漸漸逼近，上午我先前往災害應變中心了解各區的雨量及風力趨勢狀況。 新北市政府以及各區公所災害應變中心11時30分已經二級開設，市府團隊上緊發條、提前做好相關整備工作，全力備戰。目前軒嵐諾雖然從強颱減弱為中颱，但根據氣象資訊顯示週六下午到週日上午是颱風對新北市影響最大的期間，市區和郊區都可能會出現強風和豪雨，提醒各位朋友務必做好防颱措施。 為了保護市民的安全，高灘地及工地防護也要做好檢視，也請大家不要到海邊觀浪、垂釣，以避免意外發生！,https://www.facebook.com/photo.php?fbid=636973914467353&set=a.265757781588970&type=3,,,,,,,,-2.12
侯友宜,houyuih,100044642490075,POLITICIAN,TW,"站在第一線，打造安居樂業新北市。

此粉絲專頁由侯市長與小編共同經營",2016-05-26 07:40:26,579129,617715,2022-09-03 10:10:54 CST,2022-09-03,10:10:54,Photo,"3,620",3325,155,50,31,1,1,1,17,39,,-,0,0,0,N/A,https://www.facebook.com/100044642490075/posts/637584647739613,軒嵐諾暴風圈預計傍晚將觸陸新北，市府團隊嚴陣以待。 今天凌晨兩點半，中央氣象局已經發佈陸上颱風警報，市府提升為一級開設，各區公所也同步開設。 今天一早，我和市府團隊舉行工作會報，持續關注颱風發展，軒嵐諾北上的過程中有可能會增強為強颱，東北角四個區域首當其衝，今天做預防性的停班停課。我也特別要呼籲市民朋友減少，甚至避免外出，安全為上。針對易山崩及土石流山區必須提高警覺，必要時請市民朋友配合撤離安置。 根據氣象資訊顯示，今天晚上到明天是最關鍵的時間點，這段影響新北市最大的期間，千萬不要到海邊觀浪、垂釣，待在家最安全！ ⚠️新北市堤外停車場將於9月3日13時管制車輛只出不進，同日17時完成關閉市轄橫移(水門)、堤外便道。 ⚠️颱風期間災情通報 請撥市民專線：1999 (新北市境內) ⚠️颱風相關資訊請至：新北災訊E點通：https://e.tpf.gov.tw:=:https://e.tpf.gov.tw/,https://www.facebook.com/photo.php?fbid=637584594406285&set=a.265757781588970&type=3,,,,,,,,-2.64
侯友宜,houyuih,100044642490075,POLITICIAN,TW,"站在第一線，打造安居樂業新北市。

此粉絲專頁由侯市長與小編共同經營",2016-05-26 07:40:26,579129,617715,2022-09-03 13:01:51 CST,2022-09-03,13:01:51,Photo,"9,841",9171,423,86,72,1,2,5,20,61,,-,0,0,0,N/A,https://www.facebook.com/100044642490075/posts/637664294398315,向英勇捍衛國家的戰士們致敬。 今天是九三軍人節。 我在淡水忠烈祠，向捍衛國家、犧牲奉獻的國軍英雄，致上最高的敬意。 軍警消本是一家，犧牲奉獻、保衛國家、維護社會安寧，一直以來都是我們的使命。 深深一鞠躬，誠心感謝先賢烈士們犧牲生命、奉獻自己的無畏精神，相信他們的烈士精神會永遠在這塊土地延續下去。感謝所有日夜堅守崗位的國軍弟兄，有他們的守護，才能讓台海安全跟穩定，也讓我們國人能夠平安，謝謝你們熱血捍衛中華民國這塊美好的疆土。,https://www.facebook.com/photo.php?fbid=637664184398326&set=a.265757781588970&type=3,,,,,,,,1.03
侯友宜,houyuih,100044642490075,POLITICIAN,TW,"站在第一線，打造安居樂業新北市。

此粉絲專頁由侯市長與小編共同經營",2016-05-26 07:40:26,579129,617715,2022-09-03 17:31:14 CST,2022-09-03,17:31:14,Photo,"6,322",5682,423,79,49,2,0,2,29,56,,-,0,0,0,N/A,https://www.facebook.com/100044642490075/posts/637774761053935,今天傍晚到明天上午，將會是軒嵐諾對新北市影響最關鍵的時間，千萬不要掉以輕心了。 我中午就先趕往八里下罟子漁港，了解漁具倉庫及浮動碼頭防颱整備情形，由於軒嵐諾颱風持續增強中，新北市包括北海岸、東北角在內一共有28處漁港，都特別加強了漁港區域內公共設施防護、進行漁船停泊避風等防颱準備作業，也請在海上打拚的外籍漁民朋友們上岸，有個安心的避風港！我也特別看了下罟子漁港的漁船安全維護，關心是不是都已經把安全網做好固定。 尤其沿海線風大、浪高，所有安全防護都做好， 漁民朋友返回安全的避風港灣， 家人也才比較能夠放下心中的大石頭。 還是要苦口婆心再度叮嚀每一位市民朋友， 颱風期間千萬不要前往海邊觀浪、垂釣，別讓自己的安全， 陷入未知的危險境界。面對颱風的考驗，減少外出、待在家做好防颱措施最安全。我和市府團隊也會持續備戰，全面防範 。,https://www.facebook.com/photo.php?fbid=637774417720636&set=a.265757781588970&type=3,,,,,,,,-1.51
侯友宜,houyuih,100044642490075,POLITICIAN,TW,"站在第一線，打造安居樂業新北市。

此粉絲專頁由侯市長與小編共同經營",2016-05-26 07:40:26,579161,617740,2022-09-04 12:47:35 CST,2022-09-04,12:47:35,Photo,"4,019",3636,243,41,38,0,1,1,19,40,,-,0,0,0,N/A,https://www.facebook.com/100044642490075/posts/638487634315981,雖然氣象局在11:30解除新北市軒嵐諾颱風的陸上颱風警報，但是還是請市民朋友有必要外出時，要特別小心颱風帶來的後續雨勢影響。 今天一早除了再度到EOC掌握新北市各區受到颱風影響的情況，隨即也前往了三鶯大橋了解防汛整備情形。三鶯大橋現階段正在進行改建工程，在颱風後續的影響下，要持續監控水位，一定要保持在安全範圍裡面，把安全做到位，讓位於河道兩側和下游的居民都能夠平安。 正午時刻，颱風的影響尚未完全遠離，沿海依舊不斷出現長浪，還是要再度提醒市民朋友避免前往從事海域活動，我們一起謹慎面對，平安度過這次颱風。,https://www.facebook.com/photo.php?fbid=638487364316008&set=a.265757784922303&type=3,,,,,,,,-2.37
侯友宜,houyuih,100044642490075,POLITICIAN,TW,"站在第一線，打造安居樂業新北市。

此粉絲專頁由侯市長與小編共同經營",2016-05-26 07:40:26,579161,617740,2022-09-04 20:36:42 CST,2022-09-04,20:36:42,Photo,"5,815",5216,446,48,41,1,0,1,22,40,,-,0,0,0,N/A,https://www.facebook.com/100044642490075/posts/638707617627316,軒嵐諾颱風終於逐漸遠離後，當務之急就是快速地完成颱風後復原工作，讓我們的市民朋友明天上班、上學途中都能夠安全、安心無虞。 我今天下午也到了瑞芳、貢寮兩區多個據點，關心颱風善後的執行情況，並且慰問同仁防災整備辛勞。這次新北市受到最大影響的區域就是暴風圈直接觸及的東北角區域，在這裡堅守崗位、不分晝夜嚴陣以待的每位同仁都辛苦了！瑞芳及貢寮區公所的同仁在颱風期間，盡心盡力堅守災害應變指揮中心，同仁年輕充滿熱情而且做事認真，徹夜不休監測潛勢溪流，大家不分彼此一起努力都是為了守護居民的家園。 還要感謝貢寮消防分隊、貢寮派出所同仁的努力，有您們認真的先期整備， 才能預防可能災害的發生，並且在第一時間排除災害，讓我們平安度過軒嵐諾颱風帶來的威脅。謝謝您們，新北市因為您們而更好，更要謝謝颱風期間， 在新北市全市各個角落，努力為市民安危打拚防守的每一位同仁， 您們辛苦了！,https://www.facebook.com/photo.php?fbid=638706394294105&set=a.265757784922303&type=3,,,Photos from 侯友宜's post,,,,,-1.64
侯友宜,houyuih,100044642490075,POLITICIAN,TW,"站在第一線，打造安居樂業新北市。

此粉絲專頁由侯市長與小編共同經營",2016-05-26 07:40:26,579207,617781,2022-09-06 16:40:48 CST,2022-09-06,16:40:48,Photo,"8,544",7256,1005,120,54,2,6,0,36,65,,-,0,0,0,N/A,https://www.facebook.com/100044642490075/posts/639998187498259,一個人要走出舒適圈，需要「改變的勇氣」；翻轉三十年的沉痾 ，更因許許多多參與其中的人展現了「改變的勇氣」而實現！ 五股垃圾山變身夏綠地的過程，展現的就是無與倫比的改變勇氣。過程中不畏惡勢力堵車、跟車、追車等威脅，排除各種困難和阻力，歷經兩年多的時間，不斷溝通、協調、妥善安置，終於改變過去惡名昭彰的環境，讓垃圾山變得碧草如茵，寫下城市改造的新頁。 一路走來的點點滴滴，並非三言兩語足以表達，25位計畫核心人物，揭開過程中不為人知的秘辛與心路歷程。如果你想了解「改變的勇氣」這五個字蘊含的真諦是代表多少背後的汗水、淚水與努力付出，歡迎你來看看這本「改變的勇氣」，就能深刻感受到五股夏綠地改變過程中，不論是居民、廠家，還是團隊成員，每一個人需要拿出多大的勇氣並實際展開行動，才能完成這個艱鉅的計畫 。從第一個字看到最後一個字，內心將會是滿滿的感動。 三年多來，新北市的改變， 不但是已經一一實現的完成式，更是現在進行式，更多精彩篇章未完待續…,https://www.facebook.com/photo.php?fbid=639998057498272&set=a.265757784922303&type=3,,,Photos from 侯友宜's post,,,,,-1.12
侯友宜,houyuih,100044642490075,POLITICIAN,TW,"站在第一線，打造安居樂業新北市。

此粉絲專頁由侯市長與小編共同經營",2016-05-26 07:40:26,579251,617812,2022-09-08 17:38:46 CST,2022-09-08,17:38:46,Photo,"2,442",2009,336,14,11,0,12,0,32,28,,-,0,0,0,N/A,https://www.facebook.com/100044642490075/posts/641336387364439,「涼薏仁」來了！ 想知道是哪家「涼薏仁」？答案就在留言區😍,https://www.facebook.com/photo.php?fbid=641336330697778&set=a.265757781588970&type=3,,,,,,,,-3.91
侯友宜,houyuih,100044642490075,POLITICIAN,TW,"站在第一線，打造安居樂業新北市。

此粉絲專頁由侯市長與小編共同經營",2016-05-26 07:40:26,579285,617835,2022-09-09 10:00:59 CST,2022-09-09,10:00:59,Photo,"4,312",3512,577,30,66,7,1,88,20,11,,-,0,0,0,N/A,https://www.facebook.com/100044642490075/posts/641822990649112,今天一早從新聞報導得知，深受國際尊敬、英國人民愛戴的英國女王伊麗莎白二世與世長辭，身在台灣的我們也同樣感到不捨，感念伊麗莎白女王過去對英國、對世界的貢獻，她將畢生奉獻給英國，總是以一貫優雅的態度，帶領著英國人民挺過戰爭、挺過各種艱難時刻。她留給世人最珍貴的遺產， 就是用一生奉獻寫下的歷史瑰寶。 伊麗莎白女王的辭世，並不是畫下句點，她展現的典範將長存世人心中， 再次表達深深的哀悼之意。祈願伊麗莎白女王安息，王室家屬節哀保重。,https://www.facebook.com/photo.php?fbid=641822917315786&set=a.265757781588970&type=3,,,,,,,,-2.21
侯友宜,houyuih,100044642490075,POLITICIAN,TW,"站在第一線，打造安居樂業新北市。

此粉絲專頁由侯市長與小編共同經營",2016-05-26 07:40:26,579285,617835,2022-09-09 17:45:38 CST,2022-09-09,17:45:38,Photo,"9,098",8257,481,121,156,0,8,0,28,47,,-,0,0,0,N/A,https://www.facebook.com/100044642490075/posts/642021343962610,今天是台灣狗狗日，在此前夕，警犬多多宣告退役，趁這個特別的日子頒發榮譽獎牌給我們警犬界的新北女力，感謝她為這塊土地的奉獻！多多專責爆裂物及毒品偵搜，盡忠職守協助維護治安，在國內各大重要活動現場都能看得到牠「威風凜凜」的身影。一路走來堅守崗位、為民服務，堪稱警察弟兄們最得力的夥伴。 多多剛加入警犬隊陣容時，還是隻才兩個月的大的小拉拉，領犬員說多多小時候很怕走樓梯，他花了很多時間，甚至在休假時，帶著多多去練習爬各種高高低低的樓梯，幫助多多克服工作上遇到的困難，一轉眼多多已經在警犬隊服務七年，現在就要卸下重擔，準備迎接牠的退役生活，恭喜多多光榮退役，九九狗狗節希望多多健康平安久久。 不只多多，所有的毛寶貝都是我們最忠實的好朋友，更是我們一輩子的家人，讓我們用更多的愛，不只在狗狗節這天 ，每一年365天，都要愛護每個毛寶貝！,https://www.facebook.com/photo.php?fbid=642021237295954&set=a.265757781588970&type=3,,,Photos from 侯友宜's post,,,,,-1.05
侯友宜,houyuih,100044642490075,POLITICIAN,TW,"站在第一線，打造安居樂業新北市。

此粉絲專頁由侯市長與小編共同經營",2016-05-26 07:40:26,579307,617830,2022-09-10 11:01:13 CST,2022-09-10,11:01:13,Photo,"3,745",2554,1023,30,15,4,55,0,29,35,,-,0,0,0,N/A,https://www.facebook.com/100044642490075/posts/642521900579221,猜猜哪個是友宜的招牌「滿月」小平頭？ 中秋節前夕，辦公室裏幾個年輕人望著我的頭型直說好有滿月fu😅，靈機一動，找了兩位也是平頭愛好者的朋友，和我來個月圓人團圓、看誰頭最圓的應景大比拼。 大家都知道，我這髮型一留就是41年，簡單清爽、方便做事，不只省錢省事還省時間，以前同仁總是說我的髮型很好認，沒想到兩位平頭同好的相似度那麼高，這回很多人都差點認不出來。 看得出來哪個是我嗎？歡迎在底下留言告訴我，謎底稍後留言區揭曉。,https://www.facebook.com/photo.php?fbid=642521693912575&set=a.265757781588970&type=3,,‎'‎H 0ה ם 中秋月日人團圓 中秋同區 猜猜哪個是 友宜招牌小平頭て 友宜招牌小平頭！ 提示 提示：和月亮一樣国 樣国 和月亮 A B C‎'‎,,,,,,-2.55
侯友宜,houyuih,100044642490075,POLITICIAN,TW,"站在第一線，打造安居樂業新北市。

此粉絲專頁由侯市長與小編共同經營",2016-05-26 07:40:26,579341,617860,2022-09-12 12:27:42 CST,2022-09-12,12:27:42,Photo,"19,647",18519,729,169,80,2,11,2,35,100,,-,0,0,0,N/A,https://www.facebook.com/100044642490075/posts/643926847105393,對運動選手而言，「明天的我要超越今天的我，今天的我絕對比昨天的我更好。」恭喜新北女力 羅嘉翎 LO Chia-Ling +0 在2022波蘭跆拳道公開賽勇奪女子57公斤級金牌，為國爭光！ 嘉翎從幼稚園開始就接觸跆拳道，跟著爸爸和哥哥一起在家中的跆拳道道館練習，下個月將滿21歲的她，去年首次站上奧運殿堂，就拿下東京奧運跆拳道女子57公斤級銅牌，其後曾經歷經受傷對運動生涯造成的巨大挑戰，但嘉翎依舊努力不懈。這一次調整比賽節奏，最後順利以2：0擊敗奧地利女將，摘下金牌，贏得勝利。 運動選手永遠都在超越自己，不是跟對手競爭，不斷超越自己才有更大的成長與進步，每一面獎牌都得來不易，恭喜嘉翎，不只是新北之光、三芝之光，更是台灣之光，我們都看見妳用盡全力，以妳為榮！,https://www.facebook.com/photo.php?fbid=643926743772070&set=a.265757781588970&type=3,,,,,,,,2.06
侯友宜,houyuih,100044642490075,POLITICIAN,TW,"站在第一線，打造安居樂業新北市。

此粉絲專頁由侯市長與小編共同經營",2016-05-26 07:40:26,579341,617860,2022-09-12 18:38:49 CST,2022-09-12,18:38:49,Photo,"5,722",5091,452,74,40,2,3,0,26,34,,-,0,0,0,N/A,https://www.facebook.com/100044642490075/posts/644074900423921,注意嚴防瞬間豪大雨！ 梅花颱風持續向北移動，今晚至明晨是影響新北最大時機，雖然發布陸警的機率低，但要特別留意受外圍環流影響所帶來的水氣，烏來、三峽、新店、深坑、石碇、坪林、瑞芳、汐止、雙溪、平溪與貢寮11區雨勢較大，請市民朋友務必要提高警覺、加強準備。 山區民眾，慎防坍方、落石及溪水暴漲。提醒市民朋友當心強陣風及瞬間強陣雨，必要外出時，途中一定要特別留意安全！,https://www.facebook.com/photo.php?fbid=644074873757257&set=a.265757781588970&type=3,,,,,,,,-1.67
侯友宜,houyuih,100044642490075,POLITICIAN,TW,"站在第一線，打造安居樂業新北市。

此粉絲專頁由侯市長與小編共同經營",2016-05-26 07:40:26,579365,617878,2022-09-14 14:32:30 CST,2022-09-14,14:32:30,Photo,"5,014",4242,576,98,35,0,1,0,27,35,,-,0,0,0,N/A,https://www.facebook.com/100044642490075/posts/645330993631645,讓我們努力支持熱愛電競的世代獲得在國際舞台嶄露頭角的機會。 上週日在一年一度的亞洲電子競技公開賽中，各方電競好手齊聚 #新莊 具備國際水準的展演場館Zepp New Taipei ，大展身手！看到高手雲集，加上踴躍的線上觀看人潮，在在都可以知道越來越多年輕朋友對於電競產業的熱愛與投入。 要恭喜TWOteam絕佳操作奪下《傳說對決》冠軍，隊員說兩個月的練習終於值得了；英雄聯盟則由《臺北熊讚隊》奪冠，每支隊伍都很優秀，表現都相當精彩，只要熱愛自己的專業，賽場上專注的眼神，每個人都可以很帥！ 其實參與電競，需要不斷的練習、全神貫注、團隊合作，這不只是娛樂，更是全球創新的趨勢產業，新北市會全力支持帶動電競產業發展。我們持續透過場地建置、人才培育推動電競在新北發展，像是三重的「新北電競基地」，就是擁有規格級設備的功能實踐場域，加上吸引電競硬體及周邊設備大廠如宏碁、微星、技嘉、HTC等進駐新北，未來我們會持續串連起產業、人才、活動，讓電競扎根新北、走向國際。,https://www.facebook.com/photo.php?fbid=645330760298335&set=a.265757781588970&type=3,,,,,,,,-1.9
侯友宜,houyuih,100044642490075,POLITICIAN,TW,"站在第一線，打造安居樂業新北市。

此粉絲專頁由侯市長與小編共同經營",2016-05-26 07:40:26,579420,617916,2022-09-16 12:15:24 CST,2022-09-16,12:15:24,Photo,"4,784",4168,434,80,33,0,1,0,18,50,,-,0,0,0,N/A,https://www.facebook.com/100044642490075/posts/646634196834658,一起為中華隊加油，力拚U18世界盃冠軍2連霸！ 新北市組訓的中華青棒隊開拔美國佛羅里達，在球場上展現無比毅力，繼於預賽中以對戰史上最大分差，擊敗強敵日本，今天又以6:2擊敗美國隊，朝冠軍更邁進一步！ 這場精彩的比賽在台灣時間今天清晨四點登場！U18世界盃棒球賽超級循環賽首戰，中華隊對上美國隊，有效封鎖美國打線，霸氣奪下完投勝！中華隊目前戰績3勝0負，非常有機會取得冠軍戰門票。 這不僅僅是場棒球賽，更是為你們自己留下最燦爛的青春回憶，也為新北市帶來滿滿的榮耀，你們的努力、拚勁、汗水成就了這一切。孩子們正帶著高昂的氣勢，往二連霸邁進，親愛的朋友們，這個周末讓我們一起為他們吶喊助陣，做中華隊邁向世界冠軍路上，最堅強的加油後盾！ 照片來源：U18中華代表隊,https://www.facebook.com/photo.php?fbid=646634023501342&set=a.265757781588970&type=3,,,,,,,,-1.99
侯友宜,houyuih,100044642490075,POLITICIAN,TW,"站在第一線，打造安居樂業新北市。

此粉絲專頁由侯市長與小編共同經營",2016-05-26 07:40:26,579435,617919,2022-09-17 21:48:22 CST,2022-09-17,21:48:22,Photo,"5,943",5407,358,41,60,16,4,3,11,43,,-,0,0,0,N/A,https://www.facebook.com/100044642490075/posts/647659583398786,"稍早21時41分左右發生有感地震，市民朋友還好嗎？希望大家一切平安🙏 未來可能還會有餘震，請大家務必小心注意。 ------------------------------------------- 晚間餘震不斷,包括 21:55 芮氏規模4.9以及22:35芮氏規模5.3的地震以及剛剛22:45芮氏規模5.5等較大餘震發生！提醒市民朋友,謹記地震自我保護三步驟,一定要特別留意安全！（＃小編） -------------------------------------------- 地震相關巡檢資訊彙整（＃小編 22:20） 21:51新北環狀線全線巡軌皆正常，各車站檢視設備正常。 另本市台電4區處、7家天然氣公司初步回報無災情。",https://www.facebook.com/photo.php?fbid=647662603398484&set=a.265757781588970&type=3,,,,,,,,-1.61
侯友宜,houyuih,100044642490075,POLITICIAN,TW,"站在第一線，打造安居樂業新北市。

此粉絲專頁由侯市長與小編共同經營",2016-05-26 07:40:26,579453,617936,2022-09-18 13:25:46 CST,2022-09-18,13:25:46,Photo,"3,544",3215,185,65,34,2,0,0,8,35,,-,0,0,0,N/A,https://www.facebook.com/100044642490075/posts/648137700017641,餘震不斷，於14:45左右花東地區發生有感地震，本市市最高震度4級，新北市EOC已進行相關災情查通報聯繫事宜，提醒市民朋友，謹記地震自我保護三步驟，一定要特別留意安全！(#小編) ------------------------------------------------------------------------ 稍早14:33又有餘震，請大家務必注意安全，市府會持續監控災情，請市民朋友放心。(#小編) ------------------------------------------------------------------------ 市民朋友還好嗎？ 剛剛又是一陣搖晃，希望大家一切平安🙏 近日有許多餘震，請大家務必小心安全！,https://www.facebook.com/photo.php?fbid=648140456684032&set=a.265757784922303&type=3,,,,,,,,-2.69
侯友宜,houyuih,100044642490075,POLITICIAN,TW,"站在第一線，打造安居樂業新北市。

此粉絲專頁由侯市長與小編共同經營",2016-05-26 07:40:26,579453,617936,2022-09-18 15:36:57 CST,2022-09-18,15:36:57,Photo,"30,284",25932,1649,336,1562,5,5,9,7,779,,-,0,0,0,N/A,https://www.facebook.com/100044642490075/posts/648203950011016,新北秀峰分隊即刻前往花蓮玉里馳援！ 今天14:44台東池上再發生規模6.8地震，強震過後，花蓮玉里傳出有房屋倒塌，新北特搜隊立刻緊急集結、整備完成，一共出動11名警消6名特搜義消，後勤車及71器材車，已經於15:20出發前往支援。目前第二梯次30多名弟兄也正在集結，整裝完備後，將立刻出發馳援！ 伴隨餘震風險，我知道強震突發的徬徨和恐懼，衷心為這次強震中所有傷者祈禱，我們都在，願大家平安、無事。 ———————————————————————— ⚠️更新時間9/19 10:15 又有餘震發生，大家還好嗎？ 剛剛又是突然一陣搖晃，遇到地震時請記得「趴下、掩護、穩住」3步驟，未來可能還會有餘震，切勿過度驚慌，若有發生任何災情，請撥打119或1999市民專線通報，希望大家一切平安。（＃小編）,https://www.facebook.com/photo.php?fbid=648203800011031&set=a.265757781588970&type=3,,,,,,,,3.17
侯友宜,houyuih,100044642490075,POLITICIAN,TW,"站在第一線，打造安居樂業新北市。

此粉絲專頁由侯市長與小編共同經營",2016-05-26 07:40:26,579516,618002,2022-09-19 16:15:46 CST,2022-09-19,16:15:46,Photo,"18,967",17483,744,165,278,5,2,7,12,271,,-,0,0,0,N/A,https://www.facebook.com/100044642490075/posts/648980053266739,台灣最美、最動人的風景是人。 昨天下午芮氏規模6.8的強震發生後，一傳出花蓮有房屋倒塌的第一時間，新北市特搜隊立刻集結、整裝趕赴花蓮投入救援。令人格外感動的是連當時正在休假中的新北特搜隊領犬員羅浩芳，當下也立刻取消休假 ，展現救人如救火的使命感， 帶著搜救犬Amei直奔玉里現場報到，投入救援！浩芳說救人本是天職，看到有民眾受困，腦海中只有一個念頭-就是趕緊救人！ 每位搜救隊員肩上都扛著救人的任務，是責任也是使命，第一時間深入現場，穿梭瓦礫間，奮力搶救，與時間競賽，不放棄任何希望，謝謝所有在第一線深入險境、冒險搶救的救難英雄們，因為你們帶給了台灣溫暖、正向的力量。 祈願在強震中受傷的患者早日康復，台灣是個充滿善與愛的地方，此時此刻，需要所有人團結在一起，守護國人，天佑台灣。,https://www.facebook.com/photo.php?fbid=648978183266926&set=a.265757781588970&type=3,,,Photos from 侯友宜's post,,,,,1.99
侯友宜,houyuih,100044642490075,POLITICIAN,TW,"站在第一線，打造安居樂業新北市。

此粉絲專頁由侯市長與小編共同經營",2016-05-26 07:40:26,579559,618034,2022-09-20 12:15:55 CST,2022-09-20,12:15:55,Photo,"8,246",7633,459,61,35,3,0,0,14,41,,-,0,0,0,N/A,https://www.facebook.com/100044642490075/posts/649562209875190,努力奮戰到最後一刻，台灣的棒球小將們銀得精彩！ 邁向成功的路途中難免會有高低起伏，最重要的是你們展現了團隊無比堅強的毅力，在場上用盡全力拚到最終。 這次U18棒球世界盃冠軍戰在美國佛羅里達州舉行，中華隊連兩屆都與美國隊在冠軍戰對壘，雖然這次無緣完成二連霸，但我們依舊感到敬佩，謝謝每一位中華隊選手，年紀輕輕卻有如此的毅力和決心，非常令人感動，最重要的是你們享受比賽、專注當下。 「因為不完美，才有動力去追求更好的結果。」請繼續燃燒你們的棒球魂，勇敢朝夢想前進，在青春歲月中留下美好的回憶，為國家打出一場又一場的精彩比賽，你們都是最棒的，加油！ 照片來源：WBSC U18世界盃官網,https://www.facebook.com/photo.php?fbid=649562169875194&set=a.265757781588970&type=3,,,,,,,,-1.16
侯友宜,houyuih,100044642490075,POLITICIAN,TW,"站在第一線，打造安居樂業新北市。

此粉絲專頁由侯市長與小編共同經營",2016-05-26 07:40:26,579559,618034,2022-09-21 08:03:00 CST,2022-09-21,08:03:00,Photo,"7,783",6462,553,63,54,28,2,1,16,604,,-,0,0,0,N/A,https://www.facebook.com/100044642490075/posts/650130136485064,今天凌晨三點半，新北市板橋區明德街一家旅館傳出火警意外。消防弟兄獲報後立即出動，五分鐘內即趕抵現場救援，迅速佈水線搶救！現場緊急疏散39人，並且從火場中救出3人，其中2人意識昏迷，送往板橋亞東醫院，另外一人意識清醒，為求慎重還是預防性送醫。 接獲通報後，我立刻趕往現場詳細瞭解情況，請相關醫療單位盡全力協助治療送醫傷者，也希望傷者能早日康復！同時也請區公所同仁務必妥善協助房客的後續安置，由火災鑑識中心盡快調查出起火原因！,https://www.facebook.com/photo.php?fbid=650130116485066&set=a.265757781588970&type=3,,,,,,,,-1.23
侯友宜,houyuih,100044642490075,POLITICIAN,TW,"站在第一線，打造安居樂業新北市。

此粉絲專頁由侯市長與小編共同經營",2016-05-26 07:40:26,579587,618054,2022-09-21 17:38:38 CST,2022-09-21,17:38:38,Photo,"13,000",11658,1023,79,62,3,14,0,47,114,,-,0,0,0,N/A,https://www.facebook.com/100044642490075/posts/650394593125285,關鍵字：承擔與承諾,https://www.facebook.com/photo.php?fbid=650394476458630&set=a.265757784922303&type=3,,,,,,,,1.36
侯友宜,houyuih,100044642490075,POLITICIAN,TW,"站在第一線，打造安居樂業新北市。

此粉絲專頁由侯市長與小編共同經營",2016-05-26 07:40:26,579646,618111,2022-09-22 12:15:43 CST,2022-09-22,12:15:43,Native Video,"2,680",2022,529,55,25,0,3,0,23,23,owned,Yes,14550,15243,0,00:00:30,https://www.facebook.com/100044642490075/posts/650933156404762,「昨天是眷戀，明天卻有夢想」 感動推薦大家一部由易智言導演執導的微電影。導演以細膩的手法 ，描繪一對住在塭仔圳的男孩與女孩，在從眷戀的過往回憶中，走向美好夢想過程中的內心歷程，從猶豫徬徨到豁然開朗， 我們每一個人青春記憶中都曾有過的情感掙扎。 廟宇的搬遷歷程、與神明溝通擲筊、鐵工廠、堆高機等廠家的遷移…每一幕都歷歷在目，我看了很有感，這都是這片土地的故事記憶。 拿出改變的勇氣，揮別昨天，是為了擁有更美好的明天， 就像我們決心一肩承擔起要讓塭仔圳揮別五十年充斥鐵皮違章、老舊紊亂面貌的責任，讓塭仔圳蛻變，是我許給市民更美好未來的承諾。 這不只是一部青春的短篇，更象徵著新北已經進入耀眼改變的嶄新篇章，此時此刻，我們正在向前走，相約在更美好的明天相見。 #洋蔥藏在留言區 ＃改變的勇氣三部曲明天登場,https://www.facebook.com/houyuih/videos/423608393246236/,,,《昨天與明天》塭仔圳市地重劃微電影預告,,,,,-2.49
侯友宜,houyuih,100044642490075,POLITICIAN,TW,"站在第一線，打造安居樂業新北市。

此粉絲專頁由侯市長與小編共同經營",2016-05-26 07:40:26,579688,618146,2022-09-23 12:18:20 CST,2022-09-23,12:18:20,Native Video,"5,236",4247,732,120,47,1,6,1,35,47,crosspost,Yes,21595,22797,23190,00:03:27,https://www.facebook.com/100044642490075/posts/651800462984698,"因為我們的勇氣和決心，塭仔圳已經進入改變進行式！ 塭仔圳是北台灣的中心點，然而昔日違章稠密、巷弄狹窄、環境雜亂，惡火頻傳，充滿著環安、治安、公安的隱憂，也阻斷了整體都市發展的脈絡。改變都市容貌，勢在必行，我們拿出決心、魄力還有執行力一肩扛起責任，透過市地重劃重新再造，重塑新北國門的新形象，朝國際永續都市前進。 《改變的勇氣》第三部曲-塭仔圳市地重劃，這部紀實影片記錄下這些關鍵的改變過程，現在的塭仔圳已經揮別過去五十年充斥鐵皮違章、老舊凌亂的面貌，從徬徨到信任，翻轉的過程，不論是居民、廠家，還是團隊的成員，每個人都拿出改變的勇氣，展開實際行動，才能完成這艱鉅的計畫。 接下來這片總面積近400公頃，相當於2.6個台北市信義計畫區的區域，在市府團隊持續努力下， 將會變身成為新國門之都。在市府團隊全力輔導當地的4,217家傳統工廠轉型及搬遷後，違章鐵皮屋不見了，取而代之的將是公園、綠地，加上更多的周邊基礎建設及環境優化完成後，再以軌道建設將城市串連起來，位處北台灣千萬人都會區中心點的塭仔圳， 將變成國際注目的一顆閃亮星星！ 拿出改變的勇氣和承擔的魄力與執行力，遇見更美好的明天，是我許下的承諾。點開影片，你會發現新北的蛻變正在實現。",https://www.facebook.com/houyuih/videos/610992617147985/,,,《改變的勇氣》第三部曲：塭仔圳市地重劃,,,,,-1.27
侯友宜,houyuih,100044642490075,POLITICIAN,TW,"站在第一線，打造安居樂業新北市。

此粉絲專頁由侯市長與小編共同經營",2016-05-26 07:40:26,579754,618206,2022-09-24 22:50:33 CST,2022-09-24,22:50:33,Photo,"23,832",21595,1596,253,81,2,7,1,45,252,,-,0,0,0,N/A,https://www.facebook.com/100044642490075/posts/653065669524844,「越」，就是自我超越！ 我的首場大型活動今晚從三重出發，大螢幕上的「越」字， 傳達的就是我公職四十多年來的重要理念。我們不但要讓新北越來越好，更重要的還要讓台灣人民團結，超越所有的黨派顏色，迎接更美好的明天。 今晚沒有任何矯情的選舉語言， 謝謝現場滿滿的支持者認真地聆聽我一一細數從熊猴森樂園到三重第二行政中心、再到銀新未來城... 這些我們已完成或是未來將會完成的施政作為和願景藍圖，我的內心非常感動 。更要謝謝我們的里長不分黨派和我站在一起，因為有你們並肩作戰 ，一起打拚市民的大小事，我們才能讓現在的新北市越來越美好。 選舉不該冤家（吵架）， 我們應該為人民帶來的是一場健康、快樂、有希望的選舉， 所以這次選舉我就以「越」這個字 ，自己超越自己，自己和自己拚，而不是和任何對手拼搏。 再一次請大家繼續支持我， 讓我們以良好的選舉風氣，帶給台灣健康快樂和希望， 讓我們團結在一起愛台灣這塊土地、 愛我們的中華民國、 愛這塊土地上的每一個人， 我們就有力量讓我們的國家越來越好！我們同心齊力一起向前走 ，繼續拚一個未來的好日子。 請大家支持「侯侯做代誌」的侯友宜！,https://www.facebook.com/photo.php?fbid=653060766192001&set=a.265757784922303&type=3,,,Photos from 侯友宜's post,,,,,2.5
侯友宜,houyuih,100044642490075,POLITICIAN,TW,"站在第一線，打造安居樂業新北市。

此粉絲專頁由侯市長與小編共同經營",2016-05-26 07:40:26,579860,618303,2022-09-26 17:21:10 CST,2022-09-26,17:21:10,Photo,"10,648",9790,601,76,60,4,6,0,30,81,,-,0,0,0,N/A,https://www.facebook.com/100044642490075/posts/654371062727638,所有愛好路跑的朋友們，跑起來！ 在馬拉松這個領域，萬金石要傳遞的跑者精神，不是贏過別人，而是不斷超越自己。 每年都被秒殺的萬金石馬拉松來了！不只是全台灣唯一取得國際銀標籤認證的比賽，2023我們更要朝綠色認證金標賽事前進，共同為推動永續城市盡一份心力，環境永續，是我們的責任，更是我們不能停止的課題，就像馬拉松一樣，持續不放棄的跑，才是前進的唯一方法。 「下一萬步」是由我們曾經獲德國iF設計獎年輕設計師彭冠傑操刀，用圖像感標語，呈現跑者往前跑動，第一人稱視角的速度線條，象徵不斷前行的道路，我覺得很有意思。想參加全馬或挑戰馬的夥伴們，不要猶豫，趕快來登記，培養運動的習慣，除了鍛鍊強健體魄，也是紓壓休閒很好的方式，也歡迎所有跑友可以在賽事結束後稍作停留，欣賞北海岸風光、品嚐在地美食，體驗海岸線的美。 人生就像一場馬拉松，這10幾年來，只要行程許可，我就會上場跑萬金石，未來還會持續不斷的跑下去，勇敢超越、突破自我，讓我們再度相約3/19在萬金石美麗的賽道上見面！,https://www.facebook.com/photo.php?fbid=654371019394309&set=a.265757781588970&type=3,,,,,,,,1.12
侯友宜,houyuih,100044642490075,POLITICIAN,TW,"站在第一線，打造安居樂業新北市。

此粉絲專頁由侯市長與小編共同經營",2016-05-26 07:40:26,579908,618345,2022-09-27 17:49:40 CST,2022-09-27,17:49:40,Photo,"2,766",2399,249,36,25,1,1,0,30,25,,-,0,0,0,N/A,https://www.facebook.com/100044642490075/posts/655099565988121,邀請生長在這片土地上的你，一起品味新北之美！ 今天是世界旅遊日，新北市有山、有海、也有都會美景，景緻變化萬千，不亞於國外，還是是一個多元族群融合的大城市，如同東京、紐約一般，擁有多國文化的國際級都會發展力。 這裏幅員遼闊，有豐富的自然資源，往山裡走，可以到淡蘭古道感受人情味及大地之美；往海邊走可以到青春山海線，將灑落在海面的夕陽餘暉美景盡收眼底；往都市走，有即將到來且充滿幸福氛圍的新北歡樂耶誕城，處處都有驚喜。 人生就像旅行一樣，總是會遇見不同的風景，每一次的體驗都彌足珍貴。新北的山林秘境、在地美食、都會風光等著大家來挖掘，歡迎大家來感受新北陽光的溫度、微風吹拂綠草的波盪、在地人情味的溫暖，你會愛上新北這座美麗的城市。 #歡迎留言和我分享你的新北美景圖鑑,https://www.facebook.com/photo.php?fbid=655099452654799&set=a.265757781588970&type=3,,,Photos from 侯友宜's post,,,,,-3.45
侯友宜,houyuih,100044642490075,POLITICIAN,TW,"站在第一線，打造安居樂業新北市。

此粉絲專頁由侯市長與小編共同經營",2016-05-26 07:40:26,579944,618372,2022-09-28 11:40:13 CST,2022-09-28,11:40:13,Photo,"4,933",4204,564,64,36,0,0,0,28,37,,-,0,0,0,N/A,https://www.facebook.com/100044642490075/posts/655655799265831,「立社會之方規，養浩然之正氣」教育是啟發孩子們做對的事，而老師就是背後最重要的推手，往往能成為影響孩子一生的啟蒙。 回顧成長的過程，老師就像孩子的第二個父母，一天當中，孩子接觸時間最長的就是老師。教育，可以說是職業也是志業，老師春風化雨，堅守崗位用專業和熱情引領孩子往對的方向前進。這樣的態度也深深影響著我，數十年的從警生涯，不忘初心，一生追求好好做事，也都是來自老師們的言行導航。 今天是教師節，你還記得不同時期，老師對你說過印象最深的一句話是什麼嗎？感謝曾經在不同階段教導過我們的老師們，不論是現在仍在教育崗位上努力，或是已經退休的師長們，因為有您們堅持教育品質，才能構築孩子堅實的希望工程，讓每位寶貝們綻放光芒，謝謝您們，祝福全天下的老師們，教師節快樂、平安順心！,https://www.facebook.com/photo.php?fbid=655655429265868&set=a.265757784922303&type=3,,,,,,,,-1.93
侯友宜,houyuih,100044642490075,POLITICIAN,TW,"站在第一線，打造安居樂業新北市。

此粉絲專頁由侯市長與小編共同經營",2016-05-26 07:40:26,580014,618419,2022-09-30 16:01:11 CST,2022-09-30,16:01:11,Photo,"6,708",6019,469,63,48,0,13,0,28,68,,-,0,0,0,N/A,https://www.facebook.com/100044642490075/posts/657421049089306,關鍵字：忍者龜的超級任務,https://www.facebook.com/photo.php?fbid=657420932422651&set=a.265757784922303&type=3,,,,,,,,-1.42
侯友宜,houyuih,100044642490075,POLITICIAN,TW,"站在第一線，打造安居樂業新北市。

此粉絲專頁由侯市長與小編共同經營",2016-05-26 07:40:26,580014,618419,2022-09-30 23:42:37 CST,2022-09-30,23:42:37,Photo,"25,318",23721,941,199,76,4,12,0,29,336,,-,0,0,0,N/A,https://www.facebook.com/100044642490075/posts/657745035723574,勇敢、 志氣、無所懼，女力向前行！ 柯志恩，人如其名，有志氣、有勇氣、有能力！ 和我們最溫暖、最有穿透力、最有行動力的媽媽市長盧秀燕一樣，都是說話厚道誠懇，實實在在為人民做事的新時代女力。 如果你也認同我們努力做事，為民打拚的決心毅力，請大家給我們一個機會，同一陣線守護我們的 ＃高雄、＃台中、＃新北！ 我們當前最需要的是團結的台灣、團結的中華民國，我們要找回那個古意、善良、人民團結、認真打拚的中華民國！愛我們的國家 、愛我們的土地，團結一心，讓國家越來越好！ 三都同陣線，好好做代誌！柯志恩、盧秀燕 、侯友宜， 一定全力以赴為你拚好日子！ ＃侯侯做代誌 ＃厚友誼,https://www.facebook.com/photo.php?fbid=657741999057211&set=a.265757784922303&type=3,,,Photos from 侯友宜's post,,,,,2.65
侯友宜,houyuih,100044642490075,POLITICIAN,TW,"站在第一線，打造安居樂業新北市。

此粉絲專頁由侯市長與小編共同經營",2016-05-26 07:40:26,580049,618446,2022-10-01 17:18:38 CST,2022-10-01,17:18:38,Native Video,"5,323",4499,502,198,49,1,3,0,23,48,crosspost,Yes,21541,23607,24310,00:02:26,https://www.facebook.com/100044642490075/posts/658283239003087,《改變的勇氣》第四部曲，蘊藏著不為人知的汗水與努力。這群人就像「忍者龜」一樣，隱身在下水道裡，為了你我最基本的『大小事』，汗流浹背地默默付出 。 下水道工程是種看不見，卻對你我至為重要的工程。然而他們的工作環境惡劣，做得再多再努力，也無法被肉眼直接看見，即使這麼地吃力不討好，這群忍者龜英雄卻為了讓民眾有整潔舒適及安全的居家環境，不畏炎熱天氣，和險峻的工作場域，鑽入地下水道默默為市民做事。 尤其昔日的老舊住宅，化糞池大多在房屋後方，污水也排到後巷的水溝內，不只會有異味傳出，更造成環境髒亂，透過污水處理、接管，後巷也可以擺脫髒亂、惡臭，還給市民一個舒適美麗的居住環境。 過去這種無法用肉眼看見的工程，往往不受重視，但不做，卻會嚴重影響到每一個人的生活起居，你能想像家中的馬桶無法順利沖水，惡臭滿溢的日子嗎？ 所以即使再吃力不討好，別人不做，我們來做！ 上任時，我們就堅持污水下水道一定要做，環境衛生才會好！當時訂定的25萬戶污水接管目標，預計年底就可以如期達標，全市累計接管戶數將超過117萬戶，普及率達到72%，是全國接管戶數最高的縣市！ 一千多個日子的堅持，我們一起展現了改變的勇氣、決心、魄力與執行力，這群無名英雄的默默耕耘，已然讓市民朋友們，看見新北後巷的蛻變！,https://www.facebook.com/houyuih/videos/836970951249523/,,,《改變的勇氣》第四部曲,,,,,-1.25
侯友宜,houyuih,100044642490075,POLITICIAN,TW,"站在第一線，打造安居樂業新北市。

此粉絲專頁由侯市長與小編共同經營",2016-05-26 07:40:26,580107,618488,2022-10-03 12:08:34 CST,2022-10-03,12:08:34,Photo,"14,184",12793,911,165,45,0,10,0,32,228,,-,0,0,0,N/A,https://www.facebook.com/100044642490075/posts/659825995515478,"雙北連線，攜手共榮共好！ 昨天下午我們相約 #新泰溫仔圳故事館， 和蔣萬安委員以及台北市議員參訪團，分享了塭仔圳 #昨天與明天 的故事。塭仔圳過去50年違章工廠稠密，衍生公安、環安、治安危機，市府團隊只有一個決心，塭仔圳市地重劃，無論如何都要排除萬難來推動，全力輔導當地的4,217家傳統工廠轉型及搬遷，讓塭仔圳揮別過去老舊凌亂的面貌。 接下來這片總面積近400公頃，相當於2.6個台北市信義計畫區的區域，在市府團隊持續努力下，將會變身成為新國門之都。未來這裡將會充滿著公園、綠地，和完整規劃的基礎建設，加上軌道建設將城市串連起來，塭仔圳將會成為北台灣千萬人都會區閃亮的中心！ 身為市長，讓新北市躋身國際，和紐約、東京、首爾並駕齊驅，是我責無旁貸的信念。在這個成長茁壯的過程中，我也更期待台北市跟新北市，互相合作、努力，目標一致。 萬安來到新北市為我們加油打氣，更重要的是，他未來也會有很多和新北市一起合作努力的目標，不論是在交通、環境、以及整體社會福利，方方面面，我們都有很多共同的理念，就像我們蘆南蘆北的開發，內政部今年如果能核定，我就會快速的展開像塭仔圳一樣的規劃，除了建設蘆洲醫院，蘆社大橋也留了45米未來可以銜接社子島，讓兩市共榮共好！ 「只能快，不能等；今天不做，明天一定後悔」。雙北好、北台就會好，台灣就會越來越美好！ 「安宜」聯手，一起加油，帶給雙北市民「安樂宜居」的生活！只要我們團結攜手向前行， 國家未來一定更強壯！",https://www.facebook.com/photo.php?fbid=659808515517226&set=a.265757784922303&type=3,,,,,,,,1.49
侯友宜,houyuih,100044642490075,POLITICIAN,TW,"站在第一線，打造安居樂業新北市。

此粉絲專頁由侯市長與小編共同經營",2016-05-26 07:40:26,580141,618515,2022-10-04 11:16:00 CST,2022-10-04,11:16:00,Photo,"9,335",8584,492,73,101,1,5,1,24,54,,-,0,0,0,N/A,https://www.facebook.com/100044642490075/posts/660604742104270,長輩健在，就是子孫最大的福氣，九九重陽，祝福所有長輩們健康平安、永保活力！ 前些日子，我特別抽空到永和探望張子忠爺爺，很開心看見105歲的他身體硬朗、說話中氣十足，看著健康朝氣的張爺爺，也憶起了自己和父親相處的時光，很是想念。 張爺爺和我分享，他軍中退役後在永和開了間「永泉豆漿店」，賣著燒餅油條，下午時段還會賣槓子頭和包子饅頭，是很多人從小到大的味覺記憶！生意好到，一做就是30年。豆漿店在當時遠近馳名，張奶奶說許多人都會慕名登門拜師學藝，張爺爺從不藏私，樂於傾囊相授，間接將張家製作豆漿和燒餅油條的手藝傳承到了世界各地。 當天我特地準備了復刻「永泉豆漿」字樣的豆漿、燒餅和油條，讓兩位長輩好好回味一番！當回憶起過去的點滴，閒話家常的同時，張爺爺和張奶奶相望的眼神中充滿了幸福。「執子之手，與子偕老」，我想，張爺爺和張奶奶的鶼鰈情深，為這句話做出了世間最美的詮釋。,https://www.facebook.com/photo.php?fbid=660604658770945&set=a.265757784922303&type=3,,,,,,,,-1.02
侯友宜,houyuih,100044642490075,POLITICIAN,TW,"站在第一線，打造安居樂業新北市。

此粉絲專頁由侯市長與小編共同經營",2016-05-26 07:40:26,580141,618515,2022-10-05 08:00:30 CST,2022-10-05,08:00:30,Photo,"8,318",7424,686,62,42,11,19,0,30,44,,-,0,0,0,N/A,https://www.facebook.com/100044642490075/posts/661295202035224,新北的饅頭很有料！ 一日之計在於晨，美好的一天從早餐開始！每周三的早晨都是我們召集各局處首長舉行市政會議的重要時刻，大家齊聚，集思廣益，一起推動市政向前行！ 我常叮囑同仁，開會前，早餐要先吃飽，才能讓思慮更清晰。饅頭夾蛋配上一杯豆漿，就能讓我飽足，元氣十足！ 今天同事介紹來自 #板橋 的這份饅頭夾蛋更霸氣，餡料超澎湃，裡頭的油條酥脆不油膩，夾入豬肉排、火腿、起司，還有我最喜歡的蛋，這饅頭超有料！不只營養滿分，也成為粉絲打卡的美食愛店。 在新北， 許許多多的店家給人的印象就是料多實在，而且一個比一個還有創意，像前兩天剛出爐的 #新北嚴選 美食店家，就找出了不少藏在新北各巷弄角落的好店好物 。未來 #新北侯侯呷 也會不定時為大家帶路！ 回到今天的主食-饅頭，一定要告訴大家新北有很多好吃的饅頭早餐店，像是我們以豆漿、饅頭、燒餅油條而遠近馳名的 #永和 ，美味的中式早餐店林立，早就是不少人心目中的首選朝聖地。 過去我的求學歲月，早餐也常吃白饅頭配上一杯豆漿，就能供應一早的活力來源，也是我學生時期最美味的享受。今天來點新北好吃的饅頭豆漿吧，一起元氣滿滿，繼續向前拚！ #新北侯侯呷 #侯侯做代誌,https://www.facebook.com/photo.php?fbid=661295165368561&set=a.265757781588970&type=3,,,,,,,,-1.15
侯友宜,houyuih,100044642490075,POLITICIAN,TW,"站在第一線，打造安居樂業新北市。

此粉絲專頁由侯市長與小編共同經營",2016-05-26 07:40:26,580190,618546,2022-10-07 11:16:00 CST,2022-10-07,11:16:00,Photo,"5,570",5019,387,46,35,0,3,0,21,59,,-,0,0,0,N/A,https://www.facebook.com/100044642490075/posts/663000818531329,關鍵字： 菜市場孩子的決心,https://www.facebook.com/photo.php?fbid=663000795197998&set=a.265757781588970&type=3,,,,,,,,-1.71
侯友宜,houyuih,100044642490075,POLITICIAN,TW,"站在第一線，打造安居樂業新北市。

此粉絲專頁由侯市長與小編共同經營",2016-05-26 07:40:26,580221,618566,2022-10-08 11:17:33 CST,2022-10-08,11:17:33,Native Video,"5,052",4244,525,161,48,1,3,2,22,46,crosspost,Yes,22275,24745,26587,00:03:27,https://www.facebook.com/100044642490075/posts/663828235115254,改變的勇氣，這次要從一個菜市場長大的孩子開始說起。 從小陪著爸爸在豬肉攤賣豬肉，在攤商辛勤的吆喝、叫賣聲中深深體會到為柴米油鹽打拚的艱辛，黃色燈泡的光、有著歲月痕跡的秤，讓我特別有家的感覺，市場對我而言，有很濃厚的情感，也是我成長的過程當中最美好的回憶。但美好回憶中，卻也夾雜著傳統市場中常見的環境問題。 每每上菜市場，我就會想，有一天是不是能讓攤商不用揮汗如雨？客人是否能夠買菜買得更愜意？攤位上的生鮮蔬果和肉品是否能更新鮮衛生？讓大家回家煮呷得更安心？ 擔任新北市長之後，有了主導翻轉傳統市場環境的機會，我決心把握當下，一刻都不能等！「新北市場改造計畫」勢在必行，這四年下來，我們改造了10座市場，超越了原本設定的8座目標，在保有濃厚人情味底下，導入在地文化、城市美學以及智慧科技，不斷優化環境，帶動市場經濟蓬勃發展。 《改變的勇氣》第五部曲，從一個市場孩子的夢，因為信念，因為眾人改變的勇氣和決心 ，成為翻轉市場環境的事實！每走進一座改造後的市場，攤商們的熱情相待，總令我感動不已，那都是我往前走的最大力量。我知道，我不能停下來，我要繼續向前行，好好做代誌！,https://www.facebook.com/houyuih/videos/1228558997994690/,,,《改變的勇氣》第五部曲,,,,,-1.32
侯友宜,houyuih,100044642490075,POLITICIAN,TW,"站在第一線，打造安居樂業新北市。

此粉絲專頁由侯市長與小編共同經營",2016-05-26 07:40:26,580241,618573,2022-10-09 17:15:03 CST,2022-10-09,17:15:03,Photo,"13,197",12315,526,144,43,1,12,0,25,131,,-,0,0,0,N/A,https://www.facebook.com/100044642490075/posts/664897535008324,友宜舞，舞友誼！ 『愛挺友宜友宜友宜！凍蒜！凍蒜！......』當大家一起在台上熱情賣力隨著音樂擺動，大跳『友宜凍蒜舞』的同時，造勢會場的每一位群眾也都跟著歡動不已。非常謝謝 朱立倫 主席、 趙少康 少康兄、 江啟臣 前主席，還有許許多多的國民黨好朋友來相挺！ 今天我與林金結議員的土城聯合競選總部成立活動，因你們的現身而更加圓滿。 不論過去、現在或未來，為了新北的發展，我們站在同一陣線，並肩作戰，竭盡所能為這片土地打拚。今天活動所在的 #土城 地方建設逐步實現，像是捷運從板南線延伸至三鶯線，建設中的萬大線、樹林線，每條捷運一步一步做，還有土城醫院守護在地市民健康，未來行政園區也會不斷改造，我們有足夠的信心帶領大家迎向土城更美好的未來。 我相信努力做對人民服務有意義的事情，面對所有困難時，所有人團結一條心，齊力去克服，達到超越一人單獨能做到的力量，希望全體市民朋友，繼續給我們支持的力量一起向前走，新北市未來一定會越來越好！ 謝謝每一位為人民打拚貢獻的國民黨好朋友，謝謝您們在艱苦的過程當中，願意站出來，攜手合作，一起打贏這場為人民而拚的戰役。 #友宜舞 #厚友誼,https://www.facebook.com/photo.php?fbid=664896781675066&set=a.265757784922303&type=3,,,,,,,,1.38
侯友宜,houyuih,100044642490075,POLITICIAN,TW,"站在第一線，打造安居樂業新北市。

此粉絲專頁由侯市長與小編共同經營",2016-05-26 07:40:26,580274,618603,2022-10-10 13:02:46 CST,2022-10-10,13:02:46,Photo,"29,796",28347,806,256,185,1,11,0,19,171,,-,0,0,0,N/A,https://www.facebook.com/100044642490075/posts/665624418268969,不分族群、不分黨派，團結一起，心連心勇敢向前走，讓中華民國越來越強大！ 今天是中華民國的生日，天氣雖然有些濕冷、飄著雨，卻澆不熄我們內心的澎拜激昂，我看到現場滿滿的市民朋友，每一個人手上都拿著青天白日滿地紅的國旗，愛著我們的國家、愛台灣、愛新北市這塊土地！中華民國，是我一生奉獻犧牲，帶動我往前走的最大力量，更是我誓言效忠的國家。 今年國慶日，萬人在新北 #三重 大都會公園齊唱國歌，看著國旗冉冉升起那一刻，心裡滿是感動與感恩。 放眼望去就是我們努力築起的全台最大特色動物主題樂園 #熊猴森樂園，這裏，不只帶來了親子銀鈴般的歡笑聲，也帶給了許許多多家庭幸福的記憶，讓國家未來的棟樑在快樂中成長。 此時此刻，國家面對很多未知的挑戰，我們最需要的是團結的台灣、團結的中華民國，我們要找回那個善良、團結、認真打拚的中華民國！愛我們的國家、愛我們的土地，團結一心，更認真打拚，做對的事，讓國家越來越好！ #中華民國生日快樂 #萬人熊猴森唱國歌,https://www.facebook.com/photo.php?fbid=665624114935666&set=a.265757781588970&type=3,,,Photos from 侯友宜's post,,,,,3.12
侯友宜,houyuih,100044642490075,POLITICIAN,TW,"站在第一線，打造安居樂業新北市。

此粉絲專頁由侯市長與小編共同經營",2016-05-26 07:40:26,580274,618603,2022-10-11 03:29:15 CST,2022-10-11,03:29:15,Photo,"3,254",2826,318,33,25,20,2,7,11,12,,-,0,0,0,N/A,https://www.facebook.com/100044642490075/posts/666163624881715,向市民朋友報告: EOC經啟動災情查通報，截至目前為止，本市無災情傳出。（＃小編） ----------------------------------------- 剛剛3:25左右一陣天搖地動，大家還好嗎？ 新北市EOC最新資訊：花東地區發生有感地震，新北市最高震度3級，EOC已進行相關災情查通報聯繫事宜。 希望大家都平安！,https://www.facebook.com/photo.php?fbid=666168364881241&set=a.265757784922303&type=3,,,,,,,,-2.93
侯友宜,houyuih,100044642490075,POLITICIAN,TW,"站在第一線，打造安居樂業新北市。

此粉絲專頁由侯市長與小編共同經營",2016-05-26 07:40:26,580312,618642,2022-10-11 11:38:14 CST,2022-10-11,11:38:14,Photo,"5,880",5214,484,73,35,1,1,1,21,50,,-,0,0,0,N/A,https://www.facebook.com/100044642490075/posts/666409728190438,國際女孩日，展現女力，綻放實力！ 10月11日是 #國際女孩日，也是 #台灣女孩日 ，在這個世界倡議支持女孩平等享有教育以及應有人權，具有重要意義的日子前夕，我也參與了 #新北女孩 勇敢逐夢活動，聆聽著一個又一個新北女孩築夢踏實、突破自我、發揮無限影響力的故事分享，無限感動且激勵人心。 像是合照中的機師 #李信燕，從小就懷抱著飛行夢，即使早期的社會鮮少有女性成為機師的機會，但信燕從不畫地自限，突破性別框架，一路朝著夢想努力前進，從 #淡水 求學時期主修航太，進而擔任地勤工程師，邁開夢想的第一步，在努力累積相關知識後，考上航空公司培訓飛行員，從肩上兩條槓的學員到三條槓的副機師，一路努力闖關成為四條槓的正機師，靠毅力與意志力證明了「別人可以，我也可以！」信燕現在甚至挺身而出為所有機師爭取更友善的職場環境，成為台灣女力的標竿。聽著信燕分享自己勇敢突破、超越自我的故事，即使隔著口罩，都能感受到她洋溢著自信的神采！ 我也回想起過去當警察的日子，最常聽到女性警察夥伴說的一句話也是「沒在怕的，女生也可以做任何事！」每每都可以感受到女性強大的力量與魅力，更看見她們勇敢活出自己最喜歡的樣子，在不同領域中發光發熱。 性別平權意識，從小做起！在各行各業闖出一片天絕非難事，性別不該是阻礙人生夢想的絆腳石。女孩們，勇敢逐夢吧！,https://www.facebook.com/photo.php?fbid=666409668190444&set=a.265757784922303&type=3,,,,,,,,-1.62
侯友宜,houyuih,100044642490075,POLITICIAN,TW,"站在第一線，打造安居樂業新北市。

此粉絲專頁由侯市長與小編共同經營",2016-05-26 07:40:26,580338,618661,2022-10-12 18:31:20 CST,2022-10-12,18:31:20,Native Video,"1,776",1462,212,32,26,0,1,0,18,25,crosspost,No,5932,6036,13214,00:05:59,https://www.facebook.com/100044642490075/posts/667432611421483,「每一道正向力量，匯集起來就是正氣，就是社會之方規、是浩然之正氣。」 對我來說，台灣沒有繼續內耗分裂的本錢，更不該失去原有的那份單純、善良與團結，身為社會的一份子，每一個人都有責任拿出為國家奉獻的精神與熱情，為台灣找回當年的善良與純樸。 #新北影響力 的出發點就是要讓這樣的精神串連，將正能量傳遞到社會的每個角落。在各個專業領域中默默付出的幕後推手，就是台灣最動人的風景，就是友善的人情味，他們都是大家最好的學習榜樣，也正是台灣最需要的正向力量。 像是永和民權社區發展協會理事長 #邱秀蘭 對社區的無私付出，就產生了深遠的影響力，帶給許多人溫暖與希望，秀蘭這樣說：「老有所用，老有所長，老有所成；長輩快樂、社區和諧，就是我最大的夢想。」她靠著要讓大家共好的信念，一步一步把社區打造成共生共榮的大家庭。 對秀蘭來說「把握時間，創造更多人生價值」是她始終不變的信念，不問自己做了多少，只問自己還能再多做些什麼，總是散發著熱情與笑容的邱秀蘭，沒有任何困難能擊潰她對社區的熱愛，即便罹癌也強忍化療帶來的不適感，對社區據點經營充滿使命感，持續為鄰里福利奔走服務。 點開影片，讓我們一起聽聽屬於秀蘭的故事…,https://www.facebook.com/houyuih/videos/877509406549501/,,,【Beyond Ordinary時刻不凡 新北影響力】,,,,,-3.75
侯友宜,houyuih,100044642490075,POLITICIAN,TW,"站在第一線，打造安居樂業新北市。

此粉絲專頁由侯市長與小編共同經營",2016-05-26 07:40:26,580362,618675,2022-10-13 13:41:13 CST,2022-10-13,13:41:13,Native Video,"2,988",2426,429,52,26,1,4,1,21,28,owned,Yes,9827,9936,0,00:01:10,https://www.facebook.com/100044642490075/posts/668057261359018,過去兩年多，對你我來說，都相當不容易。但我們憑著不懈的防疫努力，一起度過艱難時刻，今天國門重啟，讓美好的台灣再現，是多麼欣慰的一件事。 相信許多朋友已經迫不及待想買機票飛出國，同樣地，也有許多國際旅客迫不及待想搭上飛機，來到台灣，體驗台灣以及新北之美！為了讓世界旅人在天際線的飛行中，就先看見新北市這座被譽為紀錄片搖籃的友善城市，拓展新北紀錄片獎得獎影片的國際能見度，更讓各國旅客在飛行中就搶先走入台灣這塊土地上不為人知的人文風采與精彩故事，進而產生實地探索新北的興趣，新北市在後疫情時期就和 EVA Airways Corp. 長榮航空 展開合作，在機上開辦 #新北天際影展，讓紀錄片飛上高空，使台灣以及新北的美麗被世界看見，更讓台灣以及新北意象陪伴著全球旅客一起翱翔天際。 在天際影展登上高空與國際旅人見面後，沒多久我就看到知名紀錄片導演 #黃嘉俊 導演在一篇投書裏頭提到，新北市開辦新北市紀錄片獎12年多來，儼然已有國際紀錄片重鎮日本山形的模樣，一個提供養分、孕育台灣紀錄片創作者的地方。黃導演的一席話，讓我格外感動！是的，新北市，不只是一個孕育台灣紀錄片創作者的友善城市，更要讓世界看見新北，和全世界交朋友。 如果你也正要踏上飛行旅程，請記得，在三萬英尺高空就能遇見新北之美，讓新北在地溫暖的人文風采，透過新北紀錄片逗留在每個旅人的心中。 #新北天際影展 #航向國際,https://www.facebook.com/houyuih/videos/5838826559510233/,,,新北天際影展,,,,,-2.23
侯友宜,houyuih,100044642490075,POLITICIAN,TW,"站在第一線，打造安居樂業新北市。

此粉絲專頁由侯市長與小編共同經營",2016-05-26 07:40:26,580376,618686,2022-10-14 18:06:20 CST,2022-10-14,18:06:20,Photo,"10,969",10150,548,69,66,3,5,1,32,95,,-,0,0,0,N/A,https://www.facebook.com/100044642490075/posts/669013427930068,雙北好，千萬人共好，台灣就一定會更好！ 大台北共好的關鍵在於建構完善的交通路網，新北市位處中心，更要承擔起建造軌道建設的責任，一棒接一棒串起大台北的未來。 今天上午我和 柯文哲 市長一起主持捷運萬大樹林線開工動土典禮，這是一個重要的里程碑，代表三環六線捷運路網已經深入樹林區，同時也是樹林區的第一條捷運路線，未來不只可以往北到台北市的中正紀念堂，往南可以接到新莊的迴龍站，光通勤時間就可以省下半小時。 新北市積極推動軌道建設，像是安坑輕軌也即將在今年底通車，捷運汐東線、五股泰山輕軌等，希望中央能協助盡快核定，期盼新北市能在2030年達成169公里、154座車站，每10萬市民享有3.8座車站，與東京、首爾並進的目標，不分中央、地方，大家一起努力！,https://www.facebook.com/photo.php?fbid=669013374596740&set=a.265757781588970&type=3,,,,,,,,1.15
侯友宜,houyuih,100044642490075,POLITICIAN,TW,"站在第一線，打造安居樂業新北市。

此粉絲專頁由侯市長與小編共同經營",2016-05-26 07:40:26,580385,618690,2022-10-15 13:51:21 CST,2022-10-15,13:51:21,Photo,"4,780",4347,275,69,29,1,5,0,24,30,,-,0,0,0,N/A,https://www.facebook.com/100044642490075/posts/669669241197820,公園裡充滿了孩子們的笑聲，不只歡樂，也能帶給許多家庭幸福美好的記憶。 改變公園氛圍， #共融遊戲場 是帶給台灣社會一個最大、最重要的意義。四年前我和市府團隊到北歐考察，我看到北歐很多的全齡化特色共融公園做得很好，值得向他們學習。 我擔任新北市長後，決心把握當下，許下四年努力達成100座的特色共融暨全齡化公園的目標，四年下來，在團隊的全心投入下，我們已經完成了108座全齡化特色共融公園，累計改善達163座，超越了原本設定的100座目標，為的就是希望讓所有人在遊戲場裡都找能到平等活動的空間，讓身障的孩子也能與一般的孩子玩在一起。 有位媽媽還特別和我分享，家裡有需要坐輪椅的孩童，在市府推動共融公園的友善環境後，終於也可以到公園與其他小朋友一起玩，讓孩子們從小就可以認識到不同的族群，長大以後可以去同理他人。我聽了感到相當欣慰，對的事，我們一定全力以赴，市府團隊的每一滴汗水、每一分努力，都有著讓人民安居樂業的非凡意義啊 ！ 在行程的路途中，只要經過公園，看見孩子們的笑顏、看見家長和孩子輕鬆享受悠閒的親子時光，瞬間疲勞全消除，一切努力的成果都值得孩子們擁有。 「用得到的，才是你的」，因為有市民的參與及使用，這些改善的成果終將被看見；有市民的融入才能凸顯新北公園的個性，身為市長，我一定會更加努力地守護每一位民眾，讓你們在友善的環境紀錄下屬於自己的美好回憶，讓每一個人的笑容不斷綻放！,https://www.facebook.com/photo.php?fbid=669663507865060&set=a.265757781588970&type=3,,,Photos from 侯友宜's post,,,,,-2
侯友宜,houyuih,100044642490075,POLITICIAN,TW,"站在第一線，打造安居樂業新北市。

此粉絲專頁由侯市長與小編共同經營",2016-05-26 07:40:26,580385,618690,2022-10-15 16:01:02 CST,2022-10-15,16:01:02,Native Video,"12,130",10671,927,250,84,1,12,1,45,139,owned,Yes,29510,31913,0,00:01:13,https://www.facebook.com/100044642490075/posts/669757877855623,為了下一代，大家要站出來支持好好做事情的人，以政績取代選舉的口水。讓我們團結起來，正向積極邁開腳步，一起努力打拚。讓現在過得比以前更好，讓下一代過得一定要比我們更好！ #侯侯做代誌,https://www.facebook.com/houyuih/videos/5546711578747046/,,,,,,,,1.82
侯友宜,houyuih,100044642490075,POLITICIAN,TW,"站在第一線，打造安居樂業新北市。

此粉絲專頁由侯市長與小編共同經營",2016-05-26 07:40:26,580414,618712,2022-10-16 11:45:29 CST,2022-10-16,11:45:29,Photo,"4,873",4321,373,55,38,5,1,3,39,38,,-,0,0,0,N/A,https://www.facebook.com/100044642490075/posts/670370671127677,親愛的市民朋友，受到尼莎颱風外圍環流影響，北部有瞬間強降雨，各地天氣變化不穩定，氣象局提醒：未來伴隨東北季風，海面及陸地風力將會增強，雨勢持續不停到明天。 天雨路滑注意行車安全，請用路人務必打開大燈，加大安全車距並減速慢行。大家互相提醒身邊的親朋好友，請避免前往山區及海邊活動。,https://www.facebook.com/photo.php?fbid=670371977794213&set=a.265757784922303&type=3,,,,,,,,-1.96
侯友宜,houyuih,100044642490075,POLITICIAN,TW,"站在第一線，打造安居樂業新北市。

此粉絲專頁由侯市長與小編共同經營",2016-05-26 07:40:26,580414,618712,2022-10-16 17:26:58 CST,2022-10-16,17:26:58,Photo,"9,779",8114,1274,128,65,3,7,8,83,97,,-,0,0,0,N/A,https://www.facebook.com/100044642490075/posts/670540587777352,下午雨勢短暫減弱的空檔後，雨勢在晚間又將增強，請市民朋友外出要特別小心安全！ 受到尼莎颱風外圍環流影響，氣象局針對新北市境內發布豪雨特報，中午左右雨勢下得又急又快，我也前往災害應變中心了解各區的雨量及各地情況，全盤掌控本市各地區情況後，各地傳出的情況多為路樹倒塌或局部積水，相關單位全力ㄧ一排除中。 新北市目前為三級警戒開設，但我特別要求各區公所及相關單位必須嚴加戒備，持續掌握各地區狀況。目前有30條土石流黃色警戒，1條紅色警戒，已執行預防性疏散撤離，有27處抽水站、54台機組加強抽水。 但由於雨勢在晚間可能又將增強，我在下午一場短暫的新竹行程後，也立刻取消後面所有的新竹行程以及晚場活動，已經返回抵達災害應變中心持續掌握各區雨勢變化。 再次提醒市民朋友天雨路滑、視線不佳，ㄧ定注意行車安全，請用路人務必打開車輛大燈，加大安全車距並減速慢行，大家互相提醒身邊的親朋好友，避免前往山區及海邊活動。,https://www.facebook.com/photo.php?fbid=670539901110754&set=a.265757781588970&type=3,,,,,,,,1.02
侯友宜,houyuih,100044642490075,POLITICIAN,TW,"站在第一線，打造安居樂業新北市。

此粉絲專頁由侯市長與小編共同經營",2016-05-26 07:40:26,580414,618712,2022-10-16 22:10:16 CST,2022-10-16,22:10:16,Photo,"24,171",19753,2053,168,164,32,14,10,125,1852,,-,0,0,0,N/A,https://www.facebook.com/100044642490075/posts/670698837761527,尼莎颱風帶來的雨勢，來得又急又快，汐止區因為瞬間強降雨，伯爵山莊傳出土石流驚險災情，我得知消息後，傍晚立刻趕赴了解。 到了現場，我要求相關單位立刻啟動安置計畫，將有立即性危險的住戶，趕緊安置到旅館。向住戶了解後，發現山坡上面有高壓電塔，我也要求要即刻快速補強，不要造成住戶的後續傷害，一勞永逸的方法就是要將高壓電塔搬遷，才不會繼續威脅密集的坡地住宅。 為預防危險，汐止區晚間也開放全區紅黃線及學校停車，同時暫停路邊停車收費，明天上午七點才會恢復管制與校內禁停放。今天晚上到明天，北台灣雨勢還是會持續出現較大雨勢，根據氣象局資料， 18日以後才會緩和，市民朋友這段時間一定要多加留意安全，市府團隊會堅守崗位 ，隨時待命，即時出動。,https://www.facebook.com/photo.php?fbid=670693821095362&set=a.265757781588970&type=3,,,Photos from 侯友宜's post,,,,,2.53
侯友宜,houyuih,100044642490075,POLITICIAN,TW,"站在第一線，打造安居樂業新北市。

此粉絲專頁由侯市長與小編共同經營",2016-05-26 07:40:26,580705,618994,2022-10-17 15:50:53 CST,2022-10-17,15:50:53,Photo,"8,538",7295,920,76,57,2,8,1,65,114,,-,0,0,0,N/A,https://www.facebook.com/100044642490075/posts/671212291043515,雖然尼莎颱風已逐漸遠離，但外圍環流加上東北季風產生共伴效應，還是要嚴加防範。上午我前往三重高灘地了解現況，今日清晨積水消退，我也要求相關單位加速排除淤泥、垃圾，儘早恢復往來交通。目前已解除全部道路管制措施，河濱各橫移門及越堤道、二重疏洪道、重新堤外便道、新鶯堤外便道、新店溪左右岸，以及板橋大漢橋至城林橋堤外機車道，皆已開放通行。 另外，汐止伯爵山莊的部分，昨晚市府團隊也在第一時間撤離將近150人，目前有33戶、94人安置中，今天一早，工務局已經研擬如何在短期內裡面補強，讓坡損傷害不要擴大，更重要的是要有一個中長期的規劃，因為高壓變電塔鄰近伯爵山莊，造成居民在生活上的壓力跟恐慌，我建議台電應該一勞永逸，讓高壓電塔都能夠順利搬遷完畢，不然伯爵山莊每碰到下大雨、碰到任何狀況，就非常擔心高壓電塔對他們帶來的傷害，相信台電有能力來處理。我們一起努力！,https://www.facebook.com/photo.php?fbid=671212101043534&set=a.265757784922303&type=3,,,Photos from 侯友宜's post,,,,,-1.12
侯友宜,houyuih,100044642490075,POLITICIAN,TW,"站在第一線，打造安居樂業新北市。

此粉絲專頁由侯市長與小編共同經營",2016-05-26 07:40:26,580802,619074,2022-10-19 20:02:52 CST,2022-10-19,20:02:52,Photo,"6,368",5717,475,68,42,1,2,0,21,42,,-,0,0,0,N/A,https://www.facebook.com/100044642490075/posts/672752300889514,不論晴雨，在這座城市裡，這群人， 總是默默付出，無懼烈日寒冬，使命必達，盡心盡力維持環境整潔，站在第一線為民服務。 10/25清潔隊員節即將到來，為了感謝清潔隊員的辛勞，彰顯清潔隊員們默默為環境清潔打拚奮鬥的精神，新北市今天也特別表揚了112位捍衛新北城市環境衛生的績優隊員，即使面對疫情爆發，他們始終無懼病毒威脅 ，穿梭在新北市大街小巷裡為環境清消，秉持著「捍衛新北」的精神，堅守工作崗位的身影實在令人敬佩與感動。 因為他們，我們才能擁有有乾淨整潔的市容，也因為他們，新北市連續十年蟬聯全國最乾淨城市，借大家的掌聲，謝謝這些為我們衝第一線整理髒亂環境的先鋒，大家的一句『謝謝，辛苦了』對他們來說是最溫暖的肯定。,https://www.facebook.com/photo.php?fbid=672752114222866&set=a.265757781588970&type=3,,,Photos from 侯友宜's post,,,,,-1.5
侯友宜,houyuih,100044642490075,POLITICIAN,TW,"站在第一線，打造安居樂業新北市。

此粉絲專頁由侯市長與小編共同經營",2016-05-26 07:40:26,580823,619085,2022-10-20 16:04:07 CST,2022-10-20,16:04:07,Photo,"6,084",5520,422,48,26,0,1,0,22,45,,-,0,0,0,N/A,https://www.facebook.com/100044642490075/posts/673360880828656,「一粒米，百粒汗」珍惜眼前得來不易的食物，一粒小小的米要經過農友們好幾個月的辛勤耕種，才能成為我們碗中的香噴噴的米飯，「珍惜食物」不是一句口號，更是一種精神，也是每個人都該落實的。 新北市推動惜食已經六年了，透過社會局整合各個局處，讓超過933噸的食材可以再利用，醜蔬果看起來賣相不好，但吃起來卻不錯，只要好好整理，就可以讓社區長輩與孩子們吃得歡喜又營養，還兼顧環保。 醜蔬果華麗變身，惜食分享最重要的精神，就是推動的力量，不但不能浪費，還可以送到有需要的地方，做為老人共餐或是小衛星課後照顧據點的美味佳餚，不只高達134萬人受益，同時也可以減輕廚餘垃圾，兼具公益、環保和教育，更達到聯合國永續發展SDGs消除貧窮和飢餓的目標。 除了透過冷藏冷凍車等硬體設備，最重要的是參於其中的所有善心人們，無論是捐贈的企業、果菜市場熱心的攤販，或是一日又一日不辭辛勞的志工們，謝謝大家細心整理與烹調這些缺了角的蔬菜、雨損的茄子和長歪的紅蘿蔔，就像施了魔法一般，讓他們成為營養滿分的料理，照顧更多長輩和孩子。 惜食是種美德，更是環保永續的重要觀念，我想藉這天邀請大家，不只今天，而是從今往後的每一天，一起身體力行實施空盤不浪費運動，珍惜食物、減少廚餘，每個人的一小步，累積起來也能帶來重大的改變！,https://www.facebook.com/photo.php?fbid=673363250828419&set=a.265757781588970&type=3,,,Photos from 侯友宜's post,,,,,-1.57
侯友宜,houyuih,100044642490075,POLITICIAN,TW,"站在第一線，打造安居樂業新北市。

此粉絲專頁由侯市長與小編共同經營",2016-05-26 07:40:26,580864,619118,2022-10-21 19:01:40 CST,2022-10-21,19:01:40,Photo,"35,401",32079,2435,282,148,2,24,1,46,384,,-,0,0,0,N/A,https://www.facebook.com/100044642490075/posts/674183260746418,今天由我們的政治實習生為我抽出了候選號次，這是我連兩次抽到2號，對我來說非常有意義的數字，代表著「好事連連」，更呼應了我的初衷～「侯我為2(你)侯侯做代誌」！ 11/26請大家站出來，讓侯友宜繼續為大家拚好日子！ #侯我為2 #侯侯做代誌,https://www.facebook.com/photo.php?fbid=674179770746767&set=a.265757784922303&type=3,,新北市長候選人候 侯友宜 新北市長候選人 侯我為 2 侯侯 侯侯做/代/誌 做 11/26類躍出門投票,,,,,,3.71
侯友宜,houyuih,100044642490075,POLITICIAN,TW,"站在第一線，打造安居樂業新北市。

此粉絲專頁由侯市長與小編共同經營",2016-05-26 07:40:26,580925,619170,2022-10-22 11:16:34 CST,2022-10-22,11:16:34,Photo,"9,520",8859,401,128,49,3,3,0,22,55,,-,0,0,0,N/A,https://www.facebook.com/100044642490075/posts/674697774028300,今年耶誕在新北也能看見浪漫飄雪的夢幻景色！ 走出疫情鬱悶，迎來新北市每年的年末重頭戲「#新北歡樂耶誕城」即將在11月11日登場！ 過去兩年多，對你我來說，都非常不容易，昨天我們跟許多好朋友齊聚一堂，一起開箱全台灣最大的冬季節慶盛事，今年我們以「雪白之城」為主題，找來 Disney+ 超人氣六大品牌：#迪士尼、#皮克斯、#漫威、#國家地理、#STAR 和 #星際大戰 來到耶誕城裡，有許多受大、小朋友喜愛的米奇、米妮、雪寶、巴斯光年等角色主題，就是希望讓所有小朋友可以擁有美好的童年回憶，不只要帶給大家溫馨、幸福的耶誕氛圍，更要打造白雪紛飛的國度，帶市民走進北歐風情的雪白童話世界。 不只這樣，我們還規劃了12檔系列精彩活動，每一週都有不一樣的主題、不一樣的表演，週週都能感受到濃厚耶誕氣息。這一次的歡樂耶誕市集，絕對讓大家耳目一新，我們和德國經濟辦事處合作，把「德國耶誕市集」搬到市民廣場來，不用出國也可以體驗到異國的耶誕氣氛。 新北歡樂耶誕城是全世界最矚目的城市行銷典範，更被選為全球50大耶誕市集，帶給新北市更多的榮耀，就像威尼斯的嘉年華、日本札幌的雪祭，甚至包括時代廣場的跨年活動，就是因為長期定點舉辦而成為全球旅客必定朝聖的節慶活動。11/11至明年的1/2，點亮新北，新北市將越夜越美麗，到處都是閃亮繽紛的燈飾，我相新北耶誕城一定會帶給來到這裡的每一個人一連串驚喜與感動，更會是一輩子難忘的幸福回憶。,https://www.facebook.com/photo.php?fbid=674697484028329&set=a.265757781588970&type=3,,,Photos from 侯友宜's post,,,,,-1
侯友宜,houyuih,100044642490075,POLITICIAN,TW,"站在第一線，打造安居樂業新北市。

此粉絲專頁由侯市長與小編共同經營",2016-05-26 07:40:26,580925,619170,2022-10-22 19:47:27 CST,2022-10-22,19:47:27,Live Video Complete,"3,419",2961,300,59,31,0,3,1,24,40,crosspost,No,15343,15541,138262,01:55:48,https://www.facebook.com/100044642490075/posts/650281933481140,桃基北北 ①①②⑥ 挺善良 北區競總晚會直播Live 現在我和 張善政、 朱立倫 主席、 盧秀燕 市長、中廣董事長 趙少康、 桃園市議長邱奕勝、桃園在地立委好夥伴、國民黨立法院黨團以及國民黨議員候選人齊聚一堂，一起秀友善！ 大家一起加油，帶給台灣團結、純樸與善良，#1126挺善良！,https://www.facebook.com/houyuih/videos/650281933481140/,,,桃中新北 1 0 ／2 2 秀友善 桃基北北 ①①②⑥ 挺善良,,,,,2.34
侯友宜,houyuih,100044642490075,POLITICIAN,TW,"站在第一線，打造安居樂業新北市。

此粉絲專頁由侯市長與小編共同經營",2016-05-26 07:40:26,581144,619386,2022-10-23 16:35:46 CST,2022-10-23,16:35:46,Photo,"7,593",7124,287,50,30,2,6,1,17,76,,-,0,0,0,N/A,https://www.facebook.com/100044642490075/posts/675594893938588,連日大雨後，汐止工建路137號前出現路面下陷，中午我趕緊前往勘查道路坍陷的搶修情形。經過水利局的同仁專業判斷，發現底下16米汙水下水道的幹線破裂，必須採低壓灌漿的方式，這段期間，經過工建路的車輛都會做適度調整，設臨時車道。 我也責成水利局工程人員必須盡快完成，警察局也要做好交通管制路段的指揮，交通局則是研定交通替代方案，以確保住戶及用路人的安全。 工建路搶修工程的管制路段經過工建路（樟樹二路至同興路段），在搶修完畢之前全時段封閉，請大家配合現場交通管制人員指揮方向通行，為了安全，暫時性的不便，敬請市民朋友見諒！ 另外提醒大家，雖然北部的雨勢在傍晚會逐漸減緩，外出的市民朋友請隨時注意氣象資訊，非必要請避免前往山區及海邊活動，行車小心慢行，安全第一！,https://www.facebook.com/photo.php?fbid=675598467271564&set=a.265757784922303&type=3,,,Photos from 侯友宜's post,,,,,-1.26
侯友宜,houyuih,100044642490075,POLITICIAN,TW,"站在第一線，打造安居樂業新北市。

此粉絲專頁由侯市長與小編共同經營",2016-05-26 07:40:26,581144,619386,2022-10-23 18:49:38 CST,2022-10-23,18:49:38,Photo,"8,150",7012,288,47,43,552,5,14,15,174,,-,0,0,0,N/A,https://www.facebook.com/100044642490075/posts/675667490597995,今天下午，新北市三峽區大同路ㄧ處社區發生氣爆意外。警察及消防弟兄獲報後立即出動，現場一共波及12戶居民，其中有1人二度灼傷，另外有4人遭玻璃割傷，分別送往亞東醫院、恩主公醫院及土城長庚醫院治療中。 接獲通報後，我也立刻趕往現場詳細瞭解情況，請相關醫療單位協助治療送醫傷者，也希望傷者能早日康復！同時現場也會連夜請環保局、工務局同仁，協助清理玻璃碎片，在安全無虞底下保障住戶安全，妥善協助住戶的後續安置，由警方及消防局鑑識同仁盡快調查出氣爆原因！,https://www.facebook.com/photo.php?fbid=675667343931343&set=a.265757781588970&type=3,,,Photos from 侯友宜's post,,,,,-1.17
侯友宜,houyuih,100044642490075,POLITICIAN,TW,"站在第一線，打造安居樂業新北市。

此粉絲專頁由侯市長與小編共同經營",2016-05-26 07:40:26,581144,619386,2022-10-23 23:00:42 CST,2022-10-23,23:00:42,Photo,"20,736",19144,1051,195,50,2,12,1,27,254,,-,0,0,0,N/A,https://www.facebook.com/100044642490075/posts/675827003915377,團結達陣，全力 #挺善良！ 張善政，是我38年的好朋友，我們都有共同的理念，就是要為這塊土地做事，靠著踏實、認真、打拚的精神，願意為國家犧牲奉獻，北台灣好、千萬人共好，台灣才會更好，台灣需要跟全世界競爭，讓我們攜手合作、共同逐夢前行。 昨晚我們手牽著手，高舉著喊出我們的理念，當下感覺到彼此那股想一起為人民打拚的強烈意志！團結才有希望，我們最需要的不是政治口水，而是純樸的台灣、團結的中華民國，讓我們作夥挺善良、並肩作戰讓中華民國越來越好，1126請大家站出來，支持桃基北北1126，請給我們一個機會，定全力以赴為你拚好日子，團結一心，讓北台灣更好！ #侯侯做代誌 #厚友誼,https://www.facebook.com/photo.php?fbid=675826903915387&set=a.265757781588970&type=3,,,Photos from 侯友宜's post,,,,,2.17
侯友宜,houyuih,100044642490075,POLITICIAN,TW,"站在第一線，打造安居樂業新北市。

此粉絲專頁由侯市長與小編共同經營",2016-05-26 07:40:26,581181,619421,2022-10-25 16:50:25 CST,2022-10-25,16:50:25,Photo,"11,807",10957,564,125,62,0,5,1,23,70,,-,0,0,0,N/A,https://www.facebook.com/100044642490075/posts/677153170449427,光輝十月，除了雙十國慶，另一個重要的日子就是台灣光復節。 台灣光復後走過77個年頭，有著無數的先賢烈士保家衛國，奉獻自己的無畏精神，因為有他們，才有今日和平繁榮、民主自由的中華民國，每一位都在這塊土地上留下了打拚的足跡與努力的汗水，令我們深感敬佩。 十月的街道上，國旗旗海飄揚的同時，更時時刻刻提醒著我們「不忘初衷」，愛中華民國、愛台灣這塊土地，我們就更應該團結起來好好珍惜、好好守護台灣這塊寶島。,https://www.facebook.com/photo.php?fbid=677153153782762&set=a.265757784922303&type=3,,,,,,,,1.24
侯友宜,houyuih,100044642490075,POLITICIAN,TW,"站在第一線，打造安居樂業新北市。

此粉絲專頁由侯市長與小編共同經營",2016-05-26 07:40:26,581195,619423,2022-10-26 15:15:20 CST,2022-10-26,15:15:20,Photo,"12,868",12107,486,89,54,0,4,1,29,98,,-,0,0,0,N/A,https://www.facebook.com/100044642490075/posts/677833750381369,關鍵字：兒時情景,https://www.facebook.com/photo.php?fbid=677832877048123&set=a.265757784922303&type=3,,,,,,,,1.35
侯友宜,houyuih,100044642490075,POLITICIAN,TW,"站在第一線，打造安居樂業新北市。

此粉絲專頁由侯市長與小編共同經營",2016-05-26 07:40:26,581238,619459,2022-10-27 16:40:34 CST,2022-10-27,16:40:34,Native Video,"3,889",3342,303,149,36,1,4,2,22,30,crosspost,Yes,13839,15253,70596,00:03:57,https://www.facebook.com/100044642490075/posts/678645040300240,"溜滑梯、盪鞦韆.....還記得你童年時候玩過的遊戲嗎？ 每到假日，很多孩子都會跟爸爸媽媽撒嬌，嚷著要去公園玩，充滿活力和歡笑聲的公園，不只是孩子放電的好去處，更是長輩們運動休閒的好所在。 《改變的勇氣》六部曲，要帶大家到全台灣最多歡笑聲的地方 #熊猴森樂園，一個讓孩子滿載童年回憶的地方，如何從人跡罕至的防汛高灘地變身主題遊戲場，讓藝術與運動融入生活。 新北市約有1,382公頃的高灘用地，平時用於防汛，經過多年努力，在大型水岸空間營造工作的支持下，開闢為新北河濱公園，在河川防洪功能不打折的基本條件下，將整體空間做更有效的規劃和應用，導入各種多元遊憩設施，民眾在防洪安全的基礎上，享用生態與公園兼具的大型綠地空間，不只達到親水、親景、親自然及與水共融的願景，更賦予二重疏洪道新的生命與內涵。 這座全台最大共融且全齡化堤坡特色滑梯樂園就在 #新北大都會公園，打造31座動物造型與彩虹溜滑梯，包含台灣黑熊、台灣獮猴、櫻花鉤吻鮭等動物通通現身，讓孩子在遊戲的過程可以認識更多台灣的特有動物，豐富孩童知識、激發想像創意外，更讓全家大小共享天倫之樂。今年夏天我們更開放 #海世界水樂園，以台灣海洋生物為造型的戲水遊具，滿足大小朋友一站到底，海陸通玩的樂趣。 世界上最溫暖的是孩子們天真無邪的笑容，行程途中，只要經過公園，看見孩子們的笑顏，我都感到相當欣慰，每一分努力，就是要讓孩子們的童年，裝滿了歡笑，也裝滿了快樂，對的事，我們定全力以赴、盡心盡力，團隊努力耕耘的每一滴汗水，都有著實現安居樂業的使命！",https://www.facebook.com/houyuih/videos/523352812571081/,,,《改變的勇氣》六部曲-新北熊猴森樂園,,,,,-1.71
侯友宜,houyuih,100044642490075,POLITICIAN,TW,"站在第一線，打造安居樂業新北市。

此粉絲專頁由侯市長與小編共同經營",2016-05-26 07:40:26,581238,619459,2022-10-27 20:30:51 CST,2022-10-27,20:30:51,Photo,"3,225",2867,245,43,22,0,4,0,17,27,,-,0,0,0,N/A,https://www.facebook.com/100044642490075/posts/678768326954578,請大家11/26一起站出來，爭取18歲公民權同意票！ 青年是國家未來發展的動能，更是推動國家向前進步的重要力量。18歲公民權是世界認同的普世價值，也是台灣未來要走的方向。 這次我也找來年輕的政治實習生一起參與選舉，在大街小巷進行宣講活動，不只讓他們了解公共政策的形成，更要及早認識民主制度，國家未來的機會與希望，是要靠年輕人共同打拚。 我想，成熟的民主社會應該讓更多年輕人參與公共事務、落實公民權，傾聽年輕人的聲音，和他們一起集思廣益，為城市注入新活力，激盪出更多火花，這個國家才會時時充滿活力與希望。 支持18歲公民權，我的態度從沒變過，一棒接一棒，我們這一代都會要慢慢交給下一代，我希望下一棒更快速地成長跟茁壯，順利接棒，讓台灣變得不一樣，1126請大家出來投票，讓年輕世代的聲音被聽到。,https://www.facebook.com/photo.php?fbid=678768156954595&set=a.265757781588970&type=3,,,Photos from 侯友宜's post,,,,,-2.96
侯友宜,houyuih,100044642490075,POLITICIAN,TW,"站在第一線，打造安居樂業新北市。

此粉絲專頁由侯市長與小編共同經營",2016-05-26 07:40:26,581236,619453,2022-10-28 21:51:10 CST,2022-10-28,21:51:10,Photo,"6,760",6188,362,63,32,0,5,1,29,80,,-,0,0,0,N/A,https://www.facebook.com/100044642490075/posts/679558416875569,每個人在自己的角色裡發揮正向的力量，匯集起來，新北市就能成長茁壯。 我的辦公室裡掛了一幅「正氣」的字畫，時刻提醒我莫忘初衷，這也是我一直以來處事的態度，只要社會上點點滴滴都是正向力量，就能匯集成一股大正氣，對整座城市產生無遠弗屆的影響力與建設。 新北市各個角落裡，就有著許許多多默默付出的英雄，像是令我無限懷念的張秀雄先生，多年來擦亮了無數片反光鏡，他曾經跟我說：「每天擦都不會累，擦得亮，就可以減少車禍」，因為這份信念和正能量，他堅持每天爬上爬下擦亮反光鏡，守護用路人的安全，即使辭世後，精神還是長留，這就是張秀雄先生為社會注入的一股正氣 。 我常常說，我們最需要的是團結的台灣、團結的中華民國，不該失去原有的純樸與善良，身為台灣的一份子，每個人都可以拿出為這片土地奉獻的熱情。從個人的點串起線，建構面，進而帶動城市的發展與光榮。 這個星期天將有多位新北影響力人物，來到市府三樓多功能集會堂和大家分享屬於他們的生命故事，他們也許不是外界定義的大人物，卻對新北市的進步發揮了莫大的力量！你也可以來聽聽他們如何展現熱情與付出努力，將正向影響擴散出去， 說不定你也可以找到自己發揮正能量的起點。 讓我們大家一起拚，新北市就會好，大家一起共好，台灣就會越來越好！ #新北影響力 #生命故事講者,https://www.facebook.com/photo.php?fbid=679557536875657&set=a.265757784922303&type=3,,,,,,,,-1.41
侯友宜,houyuih,100044642490075,POLITICIAN,TW,"站在第一線，打造安居樂業新北市。

此粉絲專頁由侯市長與小編共同經營",2016-05-26 07:40:26,581236,619453,2022-10-28 23:37:43 CST,2022-10-28,23:37:43,Photo,"1,171",999,112,17,15,2,1,0,10,15,,-,0,0,0,N/A,https://www.facebook.com/100044642490075/posts/679624363535641,剛剛深夜23時30分突然一陣明顯搖晃，市民朋友還好嗎？希望大家一切平安🙏,https://www.facebook.com/photo.php?fbid=679624220202322&set=a.265757781588970&type=3,,,,,,,,-8.15
侯友宜,houyuih,100044642490075,POLITICIAN,TW,"站在第一線，打造安居樂業新北市。

此粉絲專頁由侯市長與小編共同經營",2016-05-26 07:40:26,581279,619488,2022-10-29 22:05:09 CST,2022-10-29,22:05:09,Photo,"5,072",4559,343,45,41,2,16,0,31,35,,-,0,0,0,N/A,https://www.facebook.com/100044642490075/posts/680271563470921,Trick or Treat！萬聖節前夕，大人小孩秀創意、變裝搞怪的時候到了！ 今天 #府中搞什麼鬼 踩街活動熱情登場！過去幾年曾經裝扮成魔法師、吸病毒鬼、大航海家、神捕等角色，今年因為首度推出街頭卡丁車體驗，我特地應景穿上賽車服，與卡丁車主題相呼應！ 到了現場只見變裝高手如雲，不只爸爸媽媽帶著小寶貝們穿著可愛造型服裝，上街討糖，毛寶貝們也戴上面具加入踩街的行列，模樣俏皮吸睛。我看到有人扮演成瑪莉歐兄弟、小丑、吸血鬼還有可愛的小小警察，每個人都卯盡全力、展現十足創意。不管像不像，能讓親朋好友留下節日的記憶點，才是最重要的事！ 今年萬聖節，你想好要扮演什麼角色了嗎？一起來新北留下屬於你的萬聖節美好回憶！,https://www.facebook.com/photo.php?fbid=680270676804343&set=a.265757781588970&type=3,,,Photos from 侯友宜's post,,,,,-1.88
侯友宜,houyuih,100044642490075,POLITICIAN,TW,"站在第一線，打造安居樂業新北市。

此粉絲專頁由侯市長與小編共同經營",2016-05-26 07:40:26,581293,619495,2022-10-30 15:28:16 CST,2022-10-30,15:28:16,Photo,"5,671",3973,450,52,94,33,2,989,18,60,,-,0,0,0,N/A,https://www.facebook.com/100044642490075/posts/680770916754319,南韓首爾的 #梨泰院 昨天深夜發生令全球震驚的公安事件，目前傳出超過百位民眾傷亡，同時，我們持續了解是否有新北市民前往，以提供相關協助。 市府舉辦相關大型活動時，安全永遠擺在最重要的第一個位置！沒有安全就沒有一切，我也要求市府團隊緊盯每一個活動在安全上的大小步驟，包括警力分布、交通疏導等，把安全做到位，全力守護市民的安全。 我要再次提醒市民朋友，參與各項活動，安全最重要，務必謹慎小心，開心出門也要平安回家。 願梨泰院事件中的逝者安息、傷者早日康復，也祈願大家都平安。,https://www.facebook.com/photo.php?fbid=680770286754382&set=a.265757781588970&type=3,,,,,,,,-1.68
侯友宜,houyuih,100044642490075,POLITICIAN,TW,"站在第一線，打造安居樂業新北市。

此粉絲專頁由侯市長與小編共同經營",2016-05-26 07:40:26,581316,619515,2022-10-31 19:31:56 CST,2022-10-31,19:31:56,Photo,"16,080",14713,827,205,61,1,10,2,28,233,,-,0,0,0,N/A,https://www.facebook.com/100044642490075/posts/681650133333064,①①②⑥國、政、宜、安！1126侯侯投票！ 我們的名字連成一線，就是「國政宜安」，我們的號次，連成一線就是今年縣市首長選舉投票日！我們同一陣線、 同一決心， 要帶給國家安全穩定，我們同樣的目標，就是想為國家人民好好做事，為人民創造安居樂業的好日子。 儘管昨日風雨飄搖，但我們手搭著手，彼此傳遞了溫暖與勇氣，傳遞出我們的堅持，和想找回台灣社會善良純樸和團結的決心。 讓台灣躋身國際，和東京、紐約並駕齊驅，是我們責無旁貸的信念。基隆好、桃園好、台北好、新北好，千萬人才會共好！年底是一場為人民而拚的戰役，團結在一起，揮出全壘打！ #基隆1號 謝國樑 #桃園1號 張善政 #新北2號 侯友宜 #台北6號 蔣萬安,https://www.facebook.com/photo.php?fbid=681650113333066&set=a.265757781588970&type=3,,,,,,,,1.69
侯友宜,houyuih,100044642490075,POLITICIAN,TW,"站在第一線，打造安居樂業新北市。

此粉絲專頁由侯市長與小編共同經營",2016-05-26 07:40:26,581330,619528,2022-11-01 18:00:10 CST,2022-11-01,18:00:10,Photo,"6,683",6146,331,73,43,0,6,2,28,54,,-,0,0,0,N/A,https://www.facebook.com/100044642490075/posts/682305129934231,這裡是市民總部，是青年基地，更是「HOU HOU Fun」的侯所在！ 「是時候了」！今天來開箱我以市民做最大咖主委的競選總部！年輕人有主見決定自己的未來，當然更要鼓勵年輕朋友多多參與公共議題為社會發聲，這次競總也找來年輕朋友操刀設計，每個細節我也都親自看過，我們把總部以溫馨、活潑的風格包覆，裡頭充滿年輕人的創意，在都市裡的一隅不但能感受露營的氛圍，還有兒童遊戲區，就是希望孩子們跟爸爸媽媽可以在這裡共度悠閒親子時光，讓國家未來的棟樑在快樂中成長。 當HOUHOU青年基地找來孩子們最喜歡的FOOD超人和海星哥哥來朗讀繪本時，孩子的燦爛笑容和熱力四射， 也讓我看了格外欣慰！誰說競總一定只能有選舉味 ？我們的青年基地有著更多的是人的溫度！ 『人民才是頭家』是我一直以來不變的信念，感謝所有的好朋友，也謝謝每一雙握住我的手，替我加油打氣的市民們，你們都是支持我向前走的最大力量，侯友宜一定全力以赴為你拚好日子！ #侯侯做代誌,https://www.facebook.com/photo.php?fbid=682292329935511&set=a.265757784922303&type=3,,,Photos from 侯友宜's post,,,,,-1.43
侯友宜,houyuih,100044642490075,POLITICIAN,TW,"站在第一線，打造安居樂業新北市。

此粉絲專頁由侯市長與小編共同經營",2016-05-26 07:40:26,581354,619547,2022-11-02 17:30:48 CST,2022-11-02,17:30:48,Photo,"3,929",3564,224,59,30,0,0,0,25,27,,-,0,0,0,N/A,https://www.facebook.com/100044642490075/posts/683001896531221,以運動和世界交朋友，#2025世界壯年運動會 在雙北！ 今天我代表四百萬的新北市民和 柯文哲 市長一起從國際壯年運動總會(IMGA)執行長Jens V. Holm手中接下世界壯年運動會會旗，內心雀躍又感動！這不只雙北重要的里程碑，更是肩負重責大任的起始點，繼2016國際少年運動會、2017世界大學運動會後，新北市和台北市將再度藉由舉辦大型國際運動賽事讓台灣感到驕傲！ 這不只是一場運動會，一場友誼賽，更是一次讓來自世界各地的朋友好好認識台灣的機會。就像我的名字侯友宜的諧音「厚友誼」，要展現台灣人民的熱情，張開雙手擁抱這些好朋友，讓他們認識、了解我們的在地文化和城市風貌，繼而愛上台灣這塊土地。 運動無界、人生無限，讓世界看見台灣，2025世界壯年運動會，我們準備好了，用我們的熱情和活力，讓台灣成為在國際舞台上閃爍的光芒！ #厚友誼,https://www.facebook.com/photo.php?fbid=683001869864557&set=a.265757784922303&type=3,,,,,,,,-2.43
侯友宜,houyuih,100044642490075,POLITICIAN,TW,"站在第一線，打造安居樂業新北市。

此粉絲專頁由侯市長與小編共同經營",2016-05-26 07:40:26,581372,619563,2022-11-03 18:04:27 CST,2022-11-03,18:04:27,Native Video,"3,673",3084,390,80,42,2,7,0,27,41,owned,Yes,10366,11031,0,00:00:29,https://www.facebook.com/100044642490075/posts/683672096464201,推動城市發展的過程，不可能不得罪人， 只要是對的事，我一定勇往直前！ 面對五十年沉痾未變的塭仔圳，我也堅持一樣的信念！「今天不做，明天一定後悔」！現在大家已經共同寫下紀錄，透過這支影片，一起見證新泰塭仔圳的蛻變！ #侯我為2侯侯做代誌 #侯友宜,https://www.facebook.com/houyuih/videos/518787376516914/,,,#侯我為2侯侯做代誌,,,,,-1.81
侯友宜,houyuih,100044642490075,POLITICIAN,TW,"站在第一線，打造安居樂業新北市。

此粉絲專頁由侯市長與小編共同經營",2016-05-26 07:40:26,581383,619567,2022-11-04 15:31:38 CST,2022-11-04,15:31:38,Status,"13,656",12312,873,195,34,53,7,22,39,121,,-,0,0,0,N/A,https://www.facebook.com/100044642490075/posts/684281246403286,幾個月前，引發全民關注的柬埔寨犯罪集團凌虐監禁台灣民眾的事件，手段兇殘，令人聞之色變，類似案件竟然也發生在臺灣！ 新北市警方為了阻止類似集團在台灣肆虐， 循線展開全面清查， 這個月1日破獲一支以高薪當誘餌， 涉嫌囚禁凌虐求職者的詐騙集團， 救出26人後， 我當下要求新北警察必須進一步擴大追查， 務必盡全力揪出詐騙集團源頭，救援任何可能的受害者！昨天晚間新北警方追到源頭，在桃園接連營救出32人 ，逮捕多名詐騙集團成員，遺憾的是目前在桃園龜山山區發現兩具遭到棄置的遺體，令人感到相當痛心！新北警察會持續戮力查緝，除惡務盡，絕不放過任何一個歹徒！ 打擊犯罪， 捍衛人民的安全絕對沒有假期可言， 治安不容挑戰，犯罪零容忍，新北警察會全力護衛人民的安全，打擊犯罪絕不手軟。,,,,,,,,,1.36
侯友宜,houyuih,100044642490075,POLITICIAN,TW,"站在第一線，打造安居樂業新北市。

此粉絲專頁由侯市長與小編共同經營",2016-05-26 07:40:26,581407,619588,2022-11-05 18:38:26 CST,2022-11-05,18:38:26,Photo,"22,580",21670,524,128,134,5,12,1,29,77,,-,0,0,0,N/A,https://www.facebook.com/100044642490075/posts/685103362987741,純粹、 一見如故並且超越時空，這就是同窗情誼 。 即使高中畢業已經四十多年了，時不時會想起我在 #嘉義中學 的青澀歲月，津津有味地翻著那本《十大神探》，立志當個正義刑警的年少。下課時手持籃球吆喝大家直奔球場較勁，遠遠地總能聽到一陣爽朗的笑聲，原來妙語如珠的偉忠當年也在其中。那時的我們豪情萬丈，但誰也沒法預料，多年以後再聚首，我們會成為怎樣的我們。 當然現在大家都知道了，偉忠呢早已是家喻戶曉的教父級節目製作人，金獎肯定無數，而我也一圓刑警夢，現在則是以四百萬新北市民為頭家的新北市長，我們各自努力耕耘著不同的領域，忙碌的日子未曾間斷，想起上回能見面聊聊又已經是2年左右的事情了！ 前兩天播音室久違的碰頭，自然而然就接續起上回未完的話題，偉忠笑我還不退休天生勞碌命，我則說「你不也還在主持節目」。我們也不忘關心彼此的孩子是否還是讓我們放不下心，還有每次總會聊到的嘉中時期的意氣風發，當年的記憶，不因時光而遠去，成了如今的談笑風生。哎！真想和偉忠一起打場球，磨一磨可能略顯生疏的球技，曬一曬校園生活回憶，聊一聊現在頭髮微白的我們，政治紛擾於我們何有哉，我倆之間有的就是厚友誼。,https://www.facebook.com/photo.php?fbid=685103176321093&set=a.265757784922303&type=3,,,,,,,,2.37
侯友宜,houyuih,100044642490075,POLITICIAN,TW,"站在第一線，打造安居樂業新北市。

此粉絲專頁由侯市長與小編共同經營",2016-05-26 07:40:26,581466,619639,2022-11-07 12:01:14 CST,2022-11-07,12:01:14,Native Video,"2,410",2112,159,70,22,0,3,0,22,22,owned,Yes,2848,2955,0,00:00:10,https://www.facebook.com/100044642490075/posts/686372252860852,大河之都在新北，我們全力打造了水岸親水生態環境！ 新北市一直以來推動「水安全、水清淨、水育樂、水滲透、水生態、水文化」六大治水策略，為了就是要讓這座城市成為與「水」共存的海綿城市。 營造水域生態的休閒空間，三年多以來，我們在河濱親水環境就打造了許多全齡化特色共融遊戲場，讓藝術和運動融入生活，完成北北基桃自行車道的串連，更舉辦八里城市沙雕季、鴨鴨地景藝術季、淡江大橋跨河煙火等節慶活動，我們希望所有市民都能因為生活在這座，安全、清水、親水、透水的城市，感到幸福與光榮！,https://www.facebook.com/houyuih/videos/3474103489542777/,,,,,,,,-2.76
侯友宜,houyuih,100044642490075,POLITICIAN,TW,"站在第一線，打造安居樂業新北市。

此粉絲專頁由侯市長與小編共同經營",2016-05-26 07:40:26,581466,619639,2022-11-07 18:04:03 CST,2022-11-07,18:04:03,Photo,"8,199",7642,348,87,31,0,3,1,19,68,,-,0,0,0,N/A,https://www.facebook.com/100044642490075/posts/686521969512547,打擊犯罪不分晝夜，警察弟兄辛苦了， 謝謝你們！ 新北警察全力破獲全台關注的台版柬埔寨詐騙集團案件，迅速逮捕歹徒，這些歹徒居然膽敢私刑凌虐被害人，拘禁被害者，甚至造成被害者死亡，行徑相當可惡！現在繩之以法後，希望司法能速審速決，並且從重量刑，不能讓任何犯罪者心存僥倖！ 今天我也前往新北市刑大感謝我們辛苦的警察同仁，連續一個多禮拜不眠不休的打擊犯罪，迅速破獲了這個全台關注的詐騙集團案件。我要再次重申治安不容挑釁、犯罪絕對零容忍，只要違法滋事，危害人民安全， 新北警察都會全力掃蕩、全力壓制，迫害治安的不法分子一個都逃不過法網。 非常感謝所有警察弟兄們，為了維護治安，不畏危險衝鋒陷陣，大家一起加油， 鍥而不捨的追緝，不容任何漏網之魚，我們全力守護人民生命安全！,https://www.facebook.com/photo.php?fbid=686521659512578&set=a.265757781588970&type=3,,,Photos from 侯友宜's post,,,,,-1.16
侯友宜,houyuih,100044642490075,POLITICIAN,TW,"站在第一線，打造安居樂業新北市。

此粉絲專頁由侯市長與小編共同經營",2016-05-26 07:40:26,581466,619639,2022-11-07 22:05:01 CST,2022-11-07,22:05:01,Native Video,"6,288",5815,261,102,49,3,4,0,19,35,owned,Yes,20924,21653,0,00:00:20,https://www.facebook.com/100044642490075/posts/686650529499691,今天是二十四節氣中的 #立冬，象徵著冬天的開始，習俗上會在這天來碗暖呼呼的補湯，增強體質，以抵抗冬天的寒冷。 暖身的同時也需要暖暖心， #新北歡樂耶誕城 在這周五即將點亮新北，最近我經過緊鑼密鼓佈置中的燈區，已經感受到濃濃的過節氛圍，到處都是閃亮繽紛的燈飾，我想，在天涼的時候，和你所愛的人，一起來到這溫馨的雪白之城，是再幸福不過的事，雖然天氣冷冷的，不過我相信來到新北歡樂耶誕城的民眾，心是暖的，讓我們共創一輩子難忘的幸福記憶！ #11/11正式開城,https://www.facebook.com/houyuih/videos/5794390467291264/,,,,,,,,-1.06
侯友宜,houyuih,100044642490075,POLITICIAN,TW,"站在第一線，打造安居樂業新北市。

此粉絲專頁由侯市長與小編共同經營",2016-05-26 07:40:26,581491,619659,2022-11-08 11:50:24 CST,2022-11-08,11:50:24,Photo,"6,553",6015,317,83,43,2,5,0,27,61,,-,0,0,0,N/A,https://www.facebook.com/100044642490075/posts/687069262791151,你對漁港的印象是什麼？ 以往許多人對漁港的印象是環境有些髒亂惡臭、空氣中瀰漫著魚腥味，也有漁民朋友也說過去上下船時常不慎落水，手機也常常不小心掉到海裡；為打破大家對漁港的傳統思維、給漁民更好的作業環境，這四年來，我們積極推動漁港轉型，讓每個漁港的特色發揚光大，優化漁作環境，讓漁港不僅只有漁獲海鮮，還能成為市民朋友休憩新選擇！ 從108年推動嗨漁港計畫到現在，已經陸續翻轉14處漁港，改變了過去難以改變的沉痾，更創造漁港夜經濟，讓民眾對於漁港的印象脫胎換骨，走向全新方向！ 翻轉漁港風貌，不只要保障漁民作業安全，更要讓民眾可以從白天玩到夜晚，串聯自行車道、兼顧文化及親水風貌的淡一漁港、釣魚天堂草里漁港的咖啡驛站等，讓白天漁港有著各種不同的風貌，到了晚上，漁港夜經濟啟動，富基漁港打造成大型時尚秀的舞台，快節奏的舞曲融合輕柔的海浪聲，海風徐徐吹來，搭配金黃的夕陽天色，漁港的色彩更年輕、更時尚，讓漁港超乎大家的想像。 每個微小的改變，都是市民以及所有團隊同仁，積年累月的大勇氣，改變的嶄新篇章，未完待續，此刻，我們仍持續的向前邁進，秉持 #侯侯做代誌 的精神，繼續為人民拚好日子！ #改變的勇氣七部曲 #完整影片傳送門在留言區,https://www.facebook.com/photo.php?fbid=687069229457821&set=a.265757784922303&type=3,,,,,,,,-1.46
侯友宜,houyuih,100044642490075,POLITICIAN,TW,"站在第一線，打造安居樂業新北市。

此粉絲專頁由侯市長與小編共同經營",2016-05-26 07:40:26,581488,619656,2022-11-09 12:00:53 CST,2022-11-09,12:00:53,Photo,"4,916",4599,153,73,32,0,2,0,21,36,,-,0,0,0,N/A,https://www.facebook.com/100044642490075/posts/687738976057513,新北市萬金石馬拉松「金標」認證，我們做到了！ 來跟市民朋友分享好消息，世界田徑總會正式宣布「2023新北市萬金石馬拉松賽事」獲得金標籤認證，不只是全台第一且是唯一的金標籤，這對我們來說別具意義，從擔任副市長開始，只要行程許可，我就會上場跑萬金石，可以說是一路上陪著萬金石馬拉松成長、茁壯，從銅標籤、銀標籤然後到今天的金標籤，絕非一朝一夕，是所有新北市民共同的努力，不只賽道需要合乎標準，醫療配備也要完善，最重要的是，要有新北市的所有的社區民眾能夠在沿路給予分享參與，讓這種賽事不但有山海之美，也有濃濃的人情味，融入社區那股歡欣鼓舞的力量，是種健康快樂、有希望的城市的一個未來象徵。 2023新北市萬金石馬拉松除了是全台唯一金標籤賽事，也是亞洲首場綠色認證賽事，落實新北市永續環境，2030減碳30%，2050淨零碳排，運動賽事更是落實環境永續的重要推手，我們特別使用環保可回收材質製作選手跑衣，號召跑友們一起將永續理念落實在生活中。 這份榮耀是屬於全體的新北市民，市府團隊已經準備好了，我非常有信心，2023年一定會給所有的跑友最高品質的馬拉松賽事，讓世界看見新北、看見台灣，也讓全世界更多人看見新北市的專業與熱情！,https://www.facebook.com/photo.php?fbid=687737186057692&set=a.265757784922303&type=3,,,Photos from 侯友宜's post,,,,,-1.94
侯友宜,houyuih,100044642490075,POLITICIAN,TW,"站在第一線，打造安居樂業新北市。

此粉絲專頁由侯市長與小編共同經營",2016-05-26 07:40:26,581488,619656,2022-11-09 13:50:37 CST,2022-11-09,13:50:37,Photo,"5,841",5237,332,51,105,0,2,4,20,90,,-,0,0,0,N/A,https://www.facebook.com/100044642490075/posts/687787792719298,一年容易，刻在心底的思念卻是無窮無盡... 最近常到市場，經過豬肉攤位總是不自覺地流連駐足，自然而然想和豬肉攤商多聊上幾句。眼前，鉆板、切刀、豬肉架...，都再熟悉不過，尤其，握起攤商那一雙油吱吱的手，更把我的思緒瞬間拉回了童年當時，手中握住的彷彿還是阿爸那雙溫潤的大手，空氣中飄散著豬肉味，那難忘的味覺記憶，是生我，養我，父母親的味道，這輩子忘不了...。 今天特地回了趟老家，這一日在農民曆上，正是阿爸離世做對年的日子，在阿爸靈前獻上一對鮮花、幾盤素果、添一杯酒水，遙祭他老人家在天之靈，內心的惆悵，想必也唯有阿爸才看得透。 雖然阿爸在世時，總是表情嚴肅、木訥寡言，不曾對我們說過愛這個字，但我往往能從他在寒冬裡把我緊緊護在懷裡的舉動，感覺到那股父愛的傳遞。還記得有一次，我打棒球時撞傷額頭，流了好多血，平常穩重如山的阿爸突然緊張得不得了， 趕緊把我抱到醫院去縫合傷口，他的眼神透露著焦慮，卻只淡然說了句「喜歡打棒球要先顧好身體」，說出口的是原則，沒說出口的卻是那份很深很深的父愛。阿爸這種話不多說，只以實際行動展現的身教， 正是我人生態度養成的關鍵！ 今年對我來說是非常傷感的一年，前後不到一年，父母相繼離世，但是我知道他們在我身邊不曾遠去，尤其阿爸做人處事的態度影響著我的一生，即使他已不在人世，他的精神還是能督促著我以自律助人的精神，為這個社會盡最大的力量。 再次深深揖拜，阿爸！友宜定不會辜負您生前的教誨，全力以赴，好好做好每一件事。,https://www.facebook.com/photo.php?fbid=687787736052637&set=a.265757784922303&type=3,,,,,,,,-1.63
侯友宜,houyuih,100044642490075,POLITICIAN,TW,"站在第一線，打造安居樂業新北市。

此粉絲專頁由侯市長與小編共同經營",2016-05-26 07:40:26,581488,619656,2022-11-09 19:00:15 CST,2022-11-09,19:00:15,Photo,"5,188",4821,189,73,33,0,6,0,21,45,,-,0,0,0,N/A,https://www.facebook.com/100044642490075/posts/687926596038751,每一個微小的改變，都是成為翻轉的巨大能量！ 《改變的勇氣》八部曲要來揭開塵封37年的歷史隧道，過去這裡是承載著煤礦產業和運輸的時光隧道，這些年，我們努力把鐵路隧道重新改造為自行車道，沿途保留美麗的自然生態，讓所有來到這裡的旅客暢遊在生態與歷史間。 進入三貂嶺自行車道，下方是蜿蜒流水，隧道上方還能看到偶而出沒的蝙蝠，三瓜子隧道出口處形成一幅鏡面水池倒映的畫面，完好收攏外頭倒映而來的蒼翠山色，不只給整趟旅程帶來驚喜，更是最美的打卡點，出隧道後映入眼簾的是生氣蓬勃的自然綠植物，疾駛而過的火車及青綠山巒，全部都盡收眼底。 開闢的過程，為減少對生態的干擾，必須一鏟一釘的徒手敲打，可以說是歷經千辛萬苦，才能帶給民眾這耳目一新的自行車道，這裡記載從日治時期至今的蛻變歷程，從興盛到沒落再轉型觀光休閒，每個階段都有特殊意義，從心體會本就存在城市生活間的純粹美好，來到這裡，就像走入前所未見的絕美秘境，改變的一點一滴，需要你我放慢腳步，一起用心感受這矗立於山林間的獨特魅力。 #改變的勇氣八部曲 #完整影片傳送門在留言區,https://www.facebook.com/photo.php?fbid=687923376039073&set=a.265757781588970&type=3,,,,,,,,-1.84
侯友宜,houyuih,100044642490075,POLITICIAN,TW,"站在第一線，打造安居樂業新北市。

此粉絲專頁由侯市長與小編共同經營",2016-05-26 07:40:26,581488,619656,2022-11-09 21:01:50 CST,2022-11-09,21:01:50,Photo,"3,327",2951,262,40,23,1,3,0,23,24,,-,0,0,0,N/A,https://www.facebook.com/100044642490075/posts/687998456031565,《今天好好說》，聽我 #侯侯說新北！ 請假前夕，第一次嘗試同步透過Podcast和YT全新節目《今天好好說》開聊新北，和大家分享 #新莊 人氣爆漿蛋餅 #三峽 蜜香紅茶，以及新北三年多來的城市蛻變。大家利用通勤，或零星休息的片段時間，打開耳朵就能輕鬆了解新北大小事。 雖然明天開始，按照規定， 我必須正式請假投入選舉，但市政腳步一刻都不會停歇 ，市府團隊絕對會把握分秒，持續努力推動市政前進，請市民朋友安心。 #歡迎大家來收聽今天好好說 #完整節目傳送門在留言區,https://www.facebook.com/photo.php?fbid=687998066031604&set=a.265757781588970&type=3,,,,,,,,-2.87
侯友宜,houyuih,100044642490075,POLITICIAN,TW,"站在第一線，打造安居樂業新北市。

此粉絲專頁由侯市長與小編共同經營",2016-05-26 07:40:26,581499,619666,2022-11-10 13:43:38 CST,2022-11-10,13:43:38,Photo,"17,688",16417,825,140,66,2,8,1,30,199,,-,0,0,0,N/A,https://www.facebook.com/100044642490075/posts/688447155986695,從今天開始，歡迎大家看到我，我們一起說YA ✌️ 　 大家都知道，我是菜市場長大的囝仔 只要到菜市場就有一種回到家的感動 　 今天，是我正式請假投入選戰的第一天 來到蘆洲市場，握起那一雙雙手 從感情最濃厚的、人情味最緊密的好所在出發 和大家作夥好好拚！ 　 新北市的好朋友，接下來見到我 都歡迎一起比出✌️勝利手勢！ 我們一起說YA！ 　 #侯友宜 #侯侯作代誌 #是時侯了,https://www.facebook.com/photo.php?fbid=688448219319922&set=a.265757784922303&type=3,,,Photos from 侯友宜's post,,,,,1.85
侯友宜,houyuih,100044642490075,POLITICIAN,TW,"站在第一線，打造安居樂業新北市。

此粉絲專頁由侯市長與小編共同經營",2016-05-26 07:40:26,581520,619681,2022-11-11 21:19:29 CST,2022-11-11,21:19:29,Photo,"11,423",10676,484,99,60,1,6,3,31,63,,-,0,0,0,N/A,https://www.facebook.com/100044642490075/posts/689328515898559,被捕捉到啦！ 今天，是新北歡樂耶誕城的點燈開城日 我第一次以市民身分來參與 從不同於以往的視角，觀賞主燈光雕投影秀 新北耶誕城今年集結了Disney+旗下六大超人氣品牌陣容，規劃雙主燈區 我也和《冰雪奇緣》的「雪寶」耶誕樹、漫威英雄的「格魯特」和大小朋友最喜愛的「米奇米妮」一起合影！ 大家有看到我的「應景道具」嗎？ 歡迎各位好朋友！來渡過一個溫馨、幸福、快樂、有家的氛圍的2022年末時光！ #新北歡樂耶誕城 #侯友宜,https://www.facebook.com/photo.php?fbid=689326452565432&set=a.265757781588970&type=3,,,Photos from 侯友宜's post,,,,,1.2
侯友宜,houyuih,100044642490075,POLITICIAN,TW,"站在第一線，打造安居樂業新北市。

此粉絲專頁由侯市長與小編共同經營",2016-05-26 07:40:26,581540,619696,2022-11-12 18:58:09 CST,2022-11-12,18:58:09,Live Video Complete,"6,164",4188,1335,223,292,4,12,0,35,75,crosspost,Yes,39298,40642,131686,02:02:18,https://www.facebook.com/100044642490075/posts/801669221086218,再一次歡呼！六六大勝！「六都」都要勝！ 今晚，我與五都戰友們齊聚，團結一心拚大勝！ 　 一起鎖定LIVE直播 來一場健康、快樂、有希望的晚會！ 六都同陣線，好好做事情！ 全力以赴為你拚好日子！ 　 #再一次歡呼 #六六大勝 #侯友宜 #侯侯做代誌,https://www.facebook.com/houyuih/videos/801669221086218/,,,【LIVE直播】再一次歡呼！六六大勝！「六都」都要勝！,,,,,4.22
侯友宜,houyuih,100044642490075,POLITICIAN,TW,"站在第一線，打造安居樂業新北市。

此粉絲專頁由侯市長與小編共同經營",2016-05-26 07:40:26,581593,619751,2022-11-13 10:30:32 CST,2022-11-13,10:30:32,Photo,"35,365",33111,1366,309,120,2,14,0,43,400,,-,0,0,0,N/A,https://www.facebook.com/100044642490075/posts/690436339121110,1126，不只六六大勝 讓我們一起 守護中華民國，贏回台灣未來！ 　 我們要拚的 是咱台灣人最踏實、簡單的快樂 日子一直向前行，我們也一直在拚 　 冤仇，不會讓我們更輕鬆 健康、正派、樂觀的精神，才能讓我們走更順 　 4年前，我借用了林強「向前行」的這段歌詞，「我要來去台北打拚，聽人講啥物好康攏在那」 過去大家來到新北，是為了去台北打拚 4年後，我們可以很驕傲地說 大家來到新北，就是為了留在新北生活！就在新北打拚！ 　 11/26，咱作伙！抬頭挺胸！ 用選票，支持新北的光榮！支持台灣未來的光榮！ 　 是時”侯”了！用選票支持新北的光榮！ 是時”侯”了！用選票找回台灣的光榮！ 　 朱立倫 蔣萬安 張善政 盧秀燕 謝龍介 柯志恩 #再一次歡呼 #六六大勝 #侯侯做代誌,https://www.facebook.com/photo.php?fbid=690436259121118&set=a.265757784922303&type=3,,,Photos from 侯友宜's post,,,,,3.71
侯友宜,houyuih,100044642490075,POLITICIAN,TW,"站在第一線，打造安居樂業新北市。

此粉絲專頁由侯市長與小編共同經營",2016-05-26 07:40:26,581634,619789,2022-11-14 15:23:49 CST,2022-11-14,15:23:49,Photo,"25,392",23640,1221,155,107,3,23,0,41,202,,-,0,0,0,N/A,https://www.facebook.com/100044642490075/posts/691292189035525,選舉，是一時的 大家心平氣和，把話說清楚 我一直希望，這一次的選舉 帶給市民的，是一個健康、快樂、有希望的選風，更要藉此凝聚所有人 不分族群、不分顏色、不分縣市 讓好好做事的力量，帶動新北市持續向前！ 讓好好做事的新北市，做大市也做大事！ #侯侯做代誌 #侯友宜,https://www.facebook.com/photo.php?fbid=691291775702233&set=a.265757781588970&type=3,,,Photos from 侯友宜's post,,,,,2.66
侯友宜,houyuih,100044642490075,POLITICIAN,TW,"站在第一線，打造安居樂業新北市。

此粉絲專頁由侯市長與小編共同經營",2016-05-26 07:40:26,581665,619812,2022-11-15 21:04:20 CST,2022-11-15,21:04:20,Photo,"24,159",22389,1180,195,97,3,9,1,37,248,,-,0,0,0,N/A,https://www.facebook.com/100044642490075/posts/692128512285226,#淡水 #八里 的「侯朋友」我來了！ 謝謝你們，又比✌🏻又喊YA✌🏻 這次我們「從媽媽之河」淡水河出發！ 沿路好多熱情的好朋友！感謝你們！ 淡水河，是新北母親之河 孕育著新北 就像媽媽養育小孩一樣 用心照顧 讓這塊土地，好，還要更好！ 「侯我」和新北往前衝！ 「為您」拚一個好日子！ #侯我為2 #侯侯做代誌 #侯朋友我來了,https://www.facebook.com/photo.php?fbid=692127532285324&set=a.265757781588970&type=3,,,Photos from 侯友宜's post,,,,,2.53
侯友宜,houyuih,100044642490075,POLITICIAN,TW,"站在第一線，打造安居樂業新北市。

此粉絲專頁由侯市長與小編共同經營",2016-05-26 07:40:26,581720,619857,2022-11-16 20:59:19 CST,2022-11-16,20:59:19,Photo,"13,920",12416,1019,67,106,2,72,2,34,202,,-,0,0,0,N/A,https://www.facebook.com/100044642490075/posts/692841842213893,過了今天，剩９天了！ 就和大家分享一段掃街花絮吧！ 　 永和熱情攤商的愛犬 竟然也會……. 「拜託拜託」！ 這到底是，誰學誰？ 　 #超萌花絮看留言 　 #侯友宜,https://www.facebook.com/photo.php?fbid=692841435547267&set=a.265757781588970&type=3,,,,,,,,1.46
侯友宜,houyuih,100044642490075,POLITICIAN,TW,"站在第一線，打造安居樂業新北市。

此粉絲專頁由侯市長與小編共同經營",2016-05-26 07:40:26,581779,619914,2022-11-17 20:18:55 CST,2022-11-17,20:18:55,Photo,"22,754",21227,1064,85,101,2,14,1,31,229,,-,0,0,0,N/A,https://www.facebook.com/100044642490075/posts/693633588801385,跑行程就靠這一顆！ 　 吃下肚！飽飽飽～ 就有氣力繼續拚！ 　 #與四年前的我同框 #胡椒餅還是一樣香 #我也還是一樣２號✌🏻 　 #跑行程的充飢美食,https://www.facebook.com/photo.php?fbid=693633105468100&set=a.265757781588970&type=3,,,Photos from 侯友宜's post,,,,,2.38
侯友宜,houyuih,100044642490075,POLITICIAN,TW,"站在第一線，打造安居樂業新北市。

此粉絲專頁由侯市長與小編共同經營",2016-05-26 07:40:26,581859,619983,2022-11-19 12:00:14 CST,2022-11-19,12:00:14,Native Video,"6,897",6106,522,131,51,0,7,0,33,47,owned,Yes,19516,20753,0,00:01:00,https://www.facebook.com/100044642490075/posts/694862792011798,新北市，是每一個人的，不是哪一位市長的 　 我們只是在打基礎， 用10年的時間，打造新北 #2030願景 　 市長任期有限，新北未來無限！ 　 #新北市做大市也做大事 2030新北就是台灣重心 與市民逗陣拚 持續以正向力量向前行！ 　 1126，一起出來投票，讓改變繼續 　 #侯侯做代誌 #侯友宜,https://www.facebook.com/houyuih/videos/1295235951270734/,,,,,,,,1.04
侯友宜,houyuih,100044642490075,POLITICIAN,TW,"站在第一線，打造安居樂業新北市。

此粉絲專頁由侯市長與小編共同經營",2016-05-26 07:40:26,581859,619983,2022-11-19 17:14:58 CST,2022-11-19,17:14:58,Live Video Complete,"1,668",1193,298,95,44,0,2,0,14,22,crosspost,No,7855,8099,10133,02:02:39,https://www.facebook.com/100044642490075/posts/534583165181116,黃金週！#三重 #蘆洲 大團結！ 今天，我和三蘆議員參選人夥伴們 齊聚在一起 咱逗陣行、作伙拚！ 不只要贏「越多」、更要拚「越好」！ 　 一起鎖定LIVE直播 還有蔡小虎帶來我的招牌歌曲！ 　 　 #侯友宜 #HOUHOU做代誌 #三重 #蘆洲,https://www.facebook.com/houyuih/videos/534583165181116/,,,友宜黃金週 三蘆金優秀,,,,,1.14
侯友宜,houyuih,100044642490075,POLITICIAN,TW,"站在第一線，打造安居樂業新北市。

此粉絲專頁由侯市長與小編共同經營",2016-05-26 07:40:26,581859,619983,2022-11-19 20:49:59 CST,2022-11-19,20:49:59,Photo,"18,106",16803,899,112,66,1,5,0,38,182,,-,0,0,0,N/A,https://www.facebook.com/100044642490075/posts/695143395317071,别再分什麼顏色，也別説什麼票倉 只要大家一起，新北就會越好！ 　 下午，勝利車隊✌️來到了 #三重 #蘆洲 與各位 #侯朋友 相見 也在「友宜黃金周 三蘆金優秀」晚會上 牽起市民朋友，友誼的手！ 謝謝大家，謝謝您們！ 　 很抱歉，沒有辦法握到每一雙手 但只要，你我一起比YA✌️ 凝聚所有的力量 我知道，我們都會在一起！ 　 #侯朋友我來了 #侯友宜,https://www.facebook.com/photo.php?fbid=695143278650416&set=a.265757784922303&type=3,,,Photos from 侯友宜's post,,,,,1.9
侯友宜,houyuih,100044642490075,POLITICIAN,TW,"站在第一線，打造安居樂業新北市。

此粉絲專頁由侯市長與小編共同經營",2016-05-26 07:40:26,581913,620036,2022-11-20 10:13:07 CST,2022-11-20,10:13:07,Status,"5,092",4673,267,17,60,34,3,0,13,25,,-,0,0,0,N/A,https://www.facebook.com/100044642490075/posts/695567261941351,大家都好嗎？ 剛才09時49分，台灣東部海域發生規模5.1有感地震，新北市最大震度3級 希望各地一切平安,,,,,,,,,-2.02
侯友宜,houyuih,100044642490075,POLITICIAN,TW,"站在第一線，打造安居樂業新北市。

此粉絲專頁由侯市長與小編共同經營",2016-05-26 07:40:26,581913,620036,2022-11-20 12:00:12 CST,2022-11-20,12:00:12,Native Video,"2,979",2549,286,51,25,0,3,0,32,33,owned,Yes,10394,10596,0,00:00:30,https://www.facebook.com/100044642490075/posts/695606938604050,只要是市民需要的、只要是對的事 我就會全力以赴、盡心盡力去做！去拚！ 　 新北 #公托 到年底預計完成 120 家 全國公托的收托量，新北市佔有一半 一路走來不容易 但未來也還是要持續，擴大量能！ 　 要讓年輕朋友減輕負擔 不讓新手爸媽孤軍奮戰 新北市要成為所有人的後盾！ 　 #侯侯做代誌 #侯友宜 #好好篇,https://www.facebook.com/houyuih/videos/497309345764435/,,,侯侯做代誌：好好篇,,,,,-2.24
侯友宜,houyuih,100044642490075,POLITICIAN,TW,"站在第一線，打造安居樂業新北市。

此粉絲專頁由侯市長與小編共同經營",2016-05-26 07:40:26,581913,620036,2022-11-20 19:51:15 CST,2022-11-20,19:51:15,Live Video Complete,"3,903",3101,565,70,77,1,4,1,26,58,crosspost,No,17108,17893,24366,01:49:52,https://www.facebook.com/100044642490075/posts/1213801172504838,#新莊 的侯朋友 今晚我們齊聚在一起 是時侯！拉票、催票、投票！ 　 #侯友宜 #侯侯做代誌,https://www.facebook.com/houyuih/videos/1213801172504838/,,,#是時侯了 新莊大團結！,,,,,2.67
侯友宜,houyuih,100044642490075,POLITICIAN,TW,"站在第一線，打造安居樂業新北市。

此粉絲專頁由侯市長與小編共同經營",2016-05-26 07:40:26,581981,620104,2022-11-21 12:00:23 CST,2022-11-21,12:00:23,Native Video,"5,434",4293,909,98,51,1,4,0,30,48,owned,Yes,19446,20222,0,00:00:30,https://www.facebook.com/100044642490075/posts/695899618574782,在做事，不可能不得罪人 　 50年不變的 #新泰塭仔圳 終於改變！ 　 在面對改變的時候， 壓力肯定非常大， 非常感謝所有市民、里長、議員大家一起 咱做伙拚！努力拚更好！ 　 #2030願景 我們現在，就為新北打基礎 好的政策，就會有好的未來 　 #2030新北就是台灣重心 　 #侯侯做代誌 #侯友宜,https://www.facebook.com/houyuih/videos/1157403704983912/,,,侯侯做代誌,,,,,-1.23
侯友宜,houyuih,100044642490075,POLITICIAN,TW,"站在第一線，打造安居樂業新北市。

此粉絲專頁由侯市長與小編共同經營",2016-05-26 07:40:26,582021,620135,2022-11-22 21:06:43 CST,2022-11-22,21:06:43,Photo,"17,642",16027,1180,76,76,1,11,2,38,231,,-,0,0,0,N/A,https://www.facebook.com/100044642490075/posts/697225708442173,哇侯你靠 你們也侯哇靠 打拚路上，我們一起作伴！ 接下來，還有3天！ 咱作伙，把愛催落去！ #平頭碰平頭 #把溫暖也交流 #侯朋友我來了,https://www.facebook.com/photo.php?fbid=697225275108883&set=a.265757781588970&type=3,,,Photos from 侯友宜's post,,,,,1.85
侯友宜,houyuih,100044642490075,POLITICIAN,TW,"站在第一線，打造安居樂業新北市。

此粉絲專頁由侯市長與小編共同經營",2016-05-26 07:40:26,582048,620162,2022-11-23 20:41:07 CST,2022-11-23,20:41:07,Photo,"22,264",20227,1348,96,135,3,12,1,34,408,,-,0,0,0,N/A,https://www.facebook.com/100044642490075/posts/697897755041635,不只在路口，在陽台、在窗邊、在車裡 哪怕路過，我都看得到你們！ 　 #侯朋友我來了 #侯友宜,https://www.facebook.com/photo.php?fbid=697864575044953&set=a.265757784922303&type=3,,,Photos from 侯友宜's post,,,,,2.33
侯友宜,houyuih,100044642490075,POLITICIAN,TW,"站在第一線，打造安居樂業新北市。

此粉絲專頁由侯市長與小編共同經營",2016-05-26 07:40:26,582094,620205,2022-11-24 12:00:11 CST,2022-11-24,12:00:11,Photo,"16,578",14347,1339,102,102,1,7,1,45,634,,-,0,0,0,N/A,https://www.facebook.com/100044642490075/posts/698287521669325,倒數２天✌️ 有你們的笑容、有你們的YA✌️友誼滿載 　 #侯友宜 #是時侯了,https://www.facebook.com/photo.php?fbid=698287441669333&set=a.265757784922303&type=3,,,Photos from 侯友宜's post,,,,,1.74
侯友宜,houyuih,100044642490075,POLITICIAN,TW,"站在第一線，打造安居樂業新北市。

此粉絲專頁由侯市長與小編共同經營",2016-05-26 07:40:26,582166,620268,2022-11-25 11:26:59 CST,2022-11-25,11:26:59,Native Video,"12,894",10912,1109,161,88,1,5,0,31,587,owned,Yes,36189,38282,0,00:01:04,https://www.facebook.com/100044642490075/posts/698546654976745,風雨中，我們挺直腰桿！ 豔陽下，我們微笑前行！ 　 這兩周， 我們相互比YA✌️心領神會 　 讓我們，再一次歡呼！讓新北更好！ 　 #1126出來投票讓改變繼續 　 #是時侯了 #侯友宜,https://www.facebook.com/houyuih/videos/1521616644986549/,,,1126出來投票　讓改變繼續,,,,,1.94
侯友宜,houyuih,100044642490075,POLITICIAN,TW,"站在第一線，打造安居樂業新北市。

此粉絲專頁由侯市長與小編共同經營",2016-05-26 07:40:26,582166,620268,2022-11-25 18:58:39 CST,2022-11-25,18:58:39,Live Video Complete,"18,498",12810,4238,360,769,15,16,12,57,221,crosspost,Yes,110259,118113,130775,03:00:43,https://www.facebook.com/100044642490075/posts/1070066053674748,今晚，我們用一種同樂會、同學會的心情 大家同在一起！ 　 「健康快樂，看到希望」 明天，以民為天！ 　 1126出來投票，讓改變繼續 再一次歡呼，讓新北更好！ 　 #侯友宜 #新北市做大市,https://www.facebook.com/houyuih/videos/1070066053674748/,,,是時「侯」！以民為天！#侯友宜選前之夜,,,,,12.65
侯友宜,houyuih,100044642490075,POLITICIAN,TW,"站在第一線，打造安居樂業新北市。

此粉絲專頁由侯市長與小編共同經營",2016-05-26 07:40:26,582166,620268,2022-11-25 23:43:29 CST,2022-11-25,23:43:29,Photo,"11,858",10929,572,45,74,3,4,1,20,210,,-,0,0,0,N/A,https://www.facebook.com/100044642490075/posts/699476171550460,１１✌️６ 讓我們一起，投票去！ 　 用「包容」、「關懷」 串起新北有愛、台灣有愛 讓中華民國更團結，讓台灣更有力！ 　 #侯友宜 #是時侯了,https://www.facebook.com/photo.php?fbid=699476028217141&set=a.265757781588970&type=3,,,,,,,,1.24
侯友宜,houyuih,100044642490075,POLITICIAN,TW,"站在第一線，打造安居樂業新北市。

此粉絲專頁由侯市長與小編共同經營",2016-05-26 07:40:26,582344,620435,2022-11-26 12:01:35 CST,2022-11-26,12:01:35,Photo,"17,007",15491,1237,36,138,1,7,0,15,82,,-,0,0,0,N/A,https://www.facebook.com/100044642490075/posts/699809664850444,我投票了！你呢？,https://www.facebook.com/photo.php?fbid=699809388183805&set=a.265757781588970&type=3,,,Photos from 侯友宜's post,,,,,1.78
侯友宜,houyuih,100044642490075,POLITICIAN,TW,"站在第一線，打造安居樂業新北市。

此粉絲專頁由侯市長與小編共同經營",2016-05-26 07:40:26,582344,620435,2022-11-26 20:01:59 CST,2022-11-26,20:01:59,Live Video Complete,"16,977",12514,3287,110,958,2,14,2,19,71,owned,Yes,72834,73693,0,00:29:40,https://www.facebook.com/100044642490075/posts/530319715383352,選舉結束，從現在開始，團結才有力量 　 感謝大家給我滿滿的力量 讓我能夠跟大家逗陣，繼續向前走 　 #侯友宜,https://www.facebook.com/houyuih/videos/530319715383352/,,,健康快樂 友希望,,,,,11.61
侯友宜,houyuih,100044642490075,POLITICIAN,TW,"站在第一線，打造安居樂業新北市。

此粉絲專頁由侯市長與小編共同經營",2016-05-26 07:40:26,582344,620435,2022-11-26 21:48:42 CST,2022-11-26,21:48:42,Photo,"84,094",77310,5181,361,832,6,18,2,37,347,,-,0,0,0,N/A,https://www.facebook.com/100044642490075/posts/700095644821846,今天晚上，是屬於大家的 現在開始，我們更要團結 團結才有力量！ 　 感謝大家！ 給我機會，繼續和大家一起 繼續為新北市、好好做代誌 　 不分你我，用包容和關懷 串起新北有愛、台灣有愛 讓中華民國更好 讓台灣更有力量！ 　 #侯友宜,https://www.facebook.com/photo.php?fbid=700094911488586&set=a.265757784922303&type=3,,,Photos from 侯友宜's post,,,,,8.81
侯友宜,houyuih,100044642490075,POLITICIAN,TW,"站在第一線，打造安居樂業新北市。

此粉絲專頁由侯市長與小編共同經營",2016-05-26 07:40:26,583325,621434,2022-11-27 12:03:55 CST,2022-11-27,12:03:55,Photo,"30,996",29331,1150,128,168,4,4,2,20,189,,-,0,0,0,N/A,https://www.facebook.com/100044642490075/posts/700496378115106,今天我們繼續拚！ #侯侯做代誌 #安坑輕軌即將通車 #拭目以待,https://www.facebook.com/photo.php?fbid=700495348115209&set=a.265757784922303&type=3,,,Photos from 侯友宜's post,,,,,3.25
